source,author,title,description,content,publishedAt,url,provider,query_type,language,fetched_at
Times of India,,Sangli woman held for Rs 2 lakh extortion bid - Times of India,Sangli woman held for Rs 2 lakh extortion bid  Times of India,Sangli woman held for Rs 2 lakh extortion bid  Times of India,"Sat, 04 Oct 2025 19:24:00 GMT",https://news.google.com/rss/articles/CBMiuAFBVV95cUxNUXlFMEVDXzJFTmEyNWFUSnVkU25Pb2JJQU5FbzBOWTI3aWI1emNSN1lqcGh3b3pwR0gxeDlJLVVFQkpkRW1OVGJkTEtCZjNxU0JCOHZRUmdDYmtIWUZsMGVfa2stNzNNZjFjNDVreWlIay1WbThMX0ZCVVI4T2I5eEZobFVsY210QlZfRHhxZi1tSEJkc29sZHNDeGNJMlRQTDlBVWdGWGc2OU12cEpIQV9kTXFMZXBu0gG-AUFVX3lxTE9PNkpHLVhnTVNqZUZqanBCMjRLUkt6MnhOS3FCbHV1NU1YdkFNR3JRY2NrM0FIcEVDaDBDS0pXZ2ZBY2JiUmd6RWZjckgwYVBjZVdoOXpVbWN5dktXM2VabU9iV20xd1IyRUEwWDZPZTZ6cHV1Q05yS1ljSF9haURXcnRxejhVUGNTb3JnU3pZYjlxOWstbE43TzhKOV9uMTRhcWpJVFVIcmpCTFI3Q1RyXy16cjdIWjNLM2pqWVE?oc=5&hl=en-IN&gl=IN&ceid=IN:en,GNews_Local,sangli_civic,en,2025-10-07T12:23:06.524341
Times of India,,Meeting held to review proposed airport at Kavalapur in Sangli dist - Times of India,Meeting held to review proposed airport at Kavalapur in Sangli dist  Times of India,Meeting held to review proposed airport at Kavalapur in Sangli dist  Times of India,"Tue, 30 Sep 2025 19:10:00 GMT",https://news.google.com/rss/articles/CBMi4AFBVV95cUxQbmZmZk0wSy1ubVdIaHMtTGJYbUQxNFd2ZHBqMHU4cVdJaU9vdGYwbHQydEdpemtmalRpX0lYMTF5eV9FbVdCeXEzdU1JOS04N01KTDZGVkpxTGo1VFdDeElnZGpQVV9WVUFHdEFwWE1OWUpyZ2ZCM1FBZ0N3MU9vOGZjV05UYnpXRTNVTUlfMHpkSVRWVG5KclBwVEp2VWprSEQtWDZhd0ZjRl9HWmdnZzd5MTZqWlNlY2F6NlhpV0p2YVNxcHBYckJ0aHR3TlZya2RPX3QzNWl3VDRkRjYtZ9IB4AFBVV95cUxQbmZmZk0wSy1ubVdIaHMtTGJYbUQxNFd2ZHBqMHU4cVdJaU9vdGYwbHQydEdpemtmalRpX0lYMTF5eV9FbVdCeXEzdU1JOS04N01KTDZGVkpxTGo1VFdDeElnZGpQVV9WVUFHdEFwWE1OWUpyZ2ZCM1FBZ0N3MU9vOGZjV05UYnpXRTNVTUlfMHpkSVRWVG5KclBwVEp2VWprSEQtWDZhd0ZjRl9HWmdnZzd5MTZqWlNlY2F6NlhpV0p2YVNxcHBYckJ0aHR3TlZya2RPX3QzNWl3VDRkRjYtZw?oc=5&hl=en-IN&gl=IN&ceid=IN:en,GNews_Local,sangli_civic,en,2025-10-07T12:23:06.524476
Pudhari News,,Sangli : शेरीनाल्याचे पाणी कृष्णेत मिसळल्याने आरोग्य धोक्यात - Pudhari News,Sangli : शेरीनाल्याचे पाणी कृष्णेत मिसळल्याने आरोग्य धोक्यात  Pudhari News,Sangli : शेरीनाल्याचे पाणी कृष्णेत मिसळल्याने आरोग्य धोक्यात  Pudhari News,"Mon, 29 Sep 2025 01:07:00 GMT",https://news.google.com/rss/articles/CBMimgFBVV95cUxPaFljT2ZGdElhV2Q2MmFMZG1TVjRqQkNHTnZtRm5JRzVWeU55Vm9uVzY3aFRyQTRpbXBmVExuWFRKZWhqTGszS2JfUXdmQkNqVkhDeHZwWXhEMFBmbGxZSG05OFVtZUdrUF83dEdIZXUxS2hrRFRrY3RlZ2QzNGZ6bktjNmdES2VUNC1qZEZRTGZmcmlTam1QbTV30gGnAUFVX3lxTE5PQ09PNlVFdXQ2QzctbU5nbWFCYU1Fd0hpeF9mNlRfUVVrZnlpSk1SWFB3bHo0ZWtaMjA2a2dsN2RMMjREM29XN1pGQ1puVHh5LVZHS0Y2TERyejhYUUlxanBTMjJWT2JNeE5mUlppaDNJTHFOV3NOc05ILXR2SnlYbHFJUnR5bHhYOEJvby1GM1QybmR6MHYzRlIzcWNXLVZyZWZLTGlv?oc=5&hl=en-IN&gl=IN&ceid=IN:en,GNews_Local,sangli_marathi,mr,2025-10-07T12:23:43.960378
ABP Majha,,Sangli News: मिरजेत वर्चस्ववादातून अट्टल गुंडांनी तरुणाचा मुडदा पाडला सांगलीत नवऱ्यानं - ABP Majha,Sangli News: मिरजेत वर्चस्ववादातून अट्टल गुंडांनी तरुणाचा मुडदा पाडला सांगलीत नवऱ्यानं  ABP Majha,Sangli News: मिरजेत वर्चस्ववादातून अट्टल गुंडांनी तरुणाचा मुडदा पाडला सांगलीत नवऱ्यानं  ABP Majha,"Sun, 28 Sep 2025 11:10:57 GMT",https://news.google.com/rss/articles/CBMi7gFBVV95cUxQV3ZwaTVQZ3U0RldycDA1Um5zQ1NqX0R4Unk2RWMwSXZWWGU3TEZ4RXp6S3pidFE3SVEzLThlZGJDdEF4T1o1ek9yRHpCOF9FRDhSN0xzeXRTczk3UFUxNEx6V0NkWjJGR3JxekFLM3BNbldFRi0xSGIyNl9WSHVLU2ZFTlc3emRrbW00OXVITGJELUozaFEtS2RCRFZkSU1lOGNGZFU2RDVsa1hBZlpWbHQxOTRaWlI5ZnYteVgyUmYweXAwNlVlUUNYV0txU2U3M01MOURrbUFvY21qR3RVSVVUUzNDYnFSSy1ad2hn0gHzAUFVX3lxTE1ac3ZEZThzV2g1UzI1eDZfRkRKV21LdnotX0RCS0haVTlQY1ZYNmlsczdma21XQjZlTjlRNjcybXJwQjZTYjhodFpCbFV5bm9FcUVRQjAzQTZSMjVwaWVlT0dWS1hEVDNtRGdUZURmU1E5d3M3dk1JdmV3RnFSY1A3aDFoV0ladVN4b0VOWnU5WGR6MXpMNE9zZ2otM0p6TlRBc0hFVWJhRHc4TFVodFQ3SDh6UmdMMjgxbFZpMVljeDZYWDZmVUxvdlpQb19hd3hBenpuV2EwWDRjNWppSVFpMzFYWlZSeWRDZXFWdWVxX3JHcw?oc=5&hl=en-IN&gl=IN&ceid=IN:en,GNews_Local,sangli_marathi,mr,2025-10-07T12:23:43.960415
Esakal,,Sangli News: ‘शहर काँग्रेसतर्फे कर्नाळ रस्ता डांबरीकरणासाठी ‘रास्ता रोको’; विविध संघटनांचा आंदोलनाला पाठिंबा.. - Esakal,Sangli News: ‘शहर काँग्रेसतर्फे कर्नाळ रस्ता डांबरीकरणासाठी ‘रास्ता रोको’; विविध संघटनांचा आंदोलनाला पाठिंबा..  Esakal,Sangli News: ‘शहर काँग्रेसतर्फे कर्नाळ रस्ता डांबरीकरणासाठी ‘रास्ता रोको’; विविध संघटनांचा आंदोलनाला पाठिंबा..  Esakal,"Wed, 01 Oct 2025 09:08:57 GMT",https://news.google.com/rss/articles/CBMi0gFBVV95cUxORU44QjVwTDRaa19CT25FM295elRwLXlwUkVMMndpaktrbE1KNG11TDh1MmR2UXE1VHE1bU9xM1lnaDJuOFdrU05kWEpvOWpubkNNeUNocU8wbFhXMTY3V2hCcDdXLW85aGQwN0kwZENlOVNhdmFJQVRTNkx5ZW5adFppWm84a1pwNV9uZjVITTVwLWpTbERMVy0zd0hCdFNXQ3YyMkU4aGVTNHFQYVNRN0xUZFlNbkp2SUZieGtEWE9PSGFhQ0RoSVUtRHJwZDFFNGc?oc=5&hl=en-IN&gl=IN&ceid=IN:en,GNews_Local,sangli_marathi,mr,2025-10-07T12:23:43.960455
Pudhari News,,Sangli : महापालिका हद्दीसह लगतचे 36 रस्ते होणार विकसित - Pudhari News,Sangli : महापालिका हद्दीसह लगतचे 36 रस्ते होणार विकसित  Pudhari News,Sangli : महापालिका हद्दीसह लगतचे 36 रस्ते होणार विकसित  Pudhari News,"Sat, 04 Oct 2025 01:35:00 GMT",https://news.google.com/rss/articles/CBMirAFBVV95cUxPdUhJYlozdWxJR3lQWURLYkR1SndEX2hLYlhjOFhLQWFVelpPdkU5Ul9IQ282a0gtaXBQcTRpSHc3VHBqdUw2Qk5zSlk2eG5LdFlacGNPZEs0dHpDcC16RGJiSTRIZnZ3OTZ3REZCb0Vnd1JuUVhubWtkc1NtUGxWQkZiTmN2YTBTWFpldTN2Z05XcHg1SkQ2dEcxWmRJZnEwWFlBMm9xTGo4ckNQ0gG6AUFVX3lxTFAwSW8tcjhCeUxFUzF1ZTNtcUd3dkdnRkxWQ1lWakpaZG1laFBrZGh6NFhiTkdqbnRVV2RkQy1aSDlMVlVEbHhUZjB0dTRwSGQzS29rZ0pnM29DRTlBbjZjRVJ5a1RmMkhxcE1sQU9WZDVlZ1FrNFFyZHlFM1oydzRoeno3ckI2RUZ4MVlvQTVRTThfOTEyTlhkbzEwRVo2WDhKZk9PVmtlT2hoZHZaQ21NWTZ2bm84T3h6UQ?oc=5&hl=en-IN&gl=IN&ceid=IN:en,GNews_Local,sangli_marathi,mr,2025-10-07T12:23:43.960493
MSN,,Sangli : खोदकामानंतरही गारपीर चौक रस्ता चिखलातच - MSN,Sangli : खोदकामानंतरही गारपीर चौक रस्ता चिखलातच  MSN,Sangli : खोदकामानंतरही गारपीर चौक रस्ता चिखलातच  MSN,"Thu, 25 Sep 2025 16:26:39 GMT",https://news.google.com/rss/articles/CBMilwNBVV95cUxPX09sM2RCTnpfN3p2aXRfSEV4T0dLOGFUcXFhUVlsZHFGdUJSbENVRG9FcVRVVnZfTmNLWU1nQ1cyOFpFYnBXbnY1alpYek85b3JITUtzdXNWRG5CVGNUamwyWFF1eGFMN0JfYXJ3REQ2WW9TZmJvYXgzYU9ZTmJ4OHdZeUxZRVdsam44di1NYVdzcUs3UWg0eDFiWWptU215SE15R1lVWFpLYXBGYUlDQVQ1VWx5TmNHZUU3QlNLWG1vdWRhRGgzOHdiQTVKME03MFVBU21IRTFwUWdRNDRucUFrNjhGT3RucE1CMDhUeFlQMFhzNUVQSDNpU3hQSzRtQm1TYllOb3lDRFNZTS03OGZQWThaYUNyQVpUcHl2RVVsQ0hkNzNYLTVGODdGa1lZb3hTZmRudHZqT3d5SnVpZWY3YW1Ud1ItLWNNWXhpUFFhRFZjQ2hzbnhnRTdhTnhQUHRSNWUtTlJkczJJZ3BKWFJQY01BLTJyU29oZllqSXV6bVNFTDZqWDNGTVZrV3ZVOHZPTHhBQQ?oc=5&hl=en-IN&gl=IN&ceid=IN:en,GNews_Local,sangli_marathi,mr,2025-10-07T12:23:43.960530
Pudhari News,,"Sangli News: नदी प्रदूषणावरून 101 उद्योगांना नोटीस, अंतरिम आदेश - Pudhari News","Sangli News: नदी प्रदूषणावरून 101 उद्योगांना नोटीस, अंतरिम आदेश  Pudhari News","Sangli News: नदी प्रदूषणावरून 101 उद्योगांना नोटीस, अंतरिम आदेश  Pudhari News","Thu, 25 Sep 2025 01:38:00 GMT",https://news.google.com/rss/articles/CBMipwFBVV95cUxQVGhFc2JPQ01pQ01xWl8xZVI4SHZTVG02Z09nclR5cnh6RnZEbWhLOGJGSS1GWmRfQzlBcG53TUpLZWF1Q2VrOWpXMHpQa0daSmlFVm56ZGotRm1kM1pmbXM3NVZQTmtuM1BKQWJaN2E4YTFqdHNNc2ZzSGFIUkhoQWRQUXVVVEpXY1ZZemdPaWRTWDcwVlJVSDV6Zjhyb0E3UlNwOFE2ONIBtAFBVV95cUxOT2RSZGJwM1Jib05ONTVZWTZkZW95a0NpbEQtT2k1UGlhcFA0Z25feHRLcjNxeU0zVEk5RTkwam9aYXNlanJZT3YtYUFnZ0dJUnFTb3g3TjVuUUQ1TUZfT19YZ01uMENfdDc4WmU2d1N1NVViRS1JcnpnVnpDUmNob0tBbmliUjdfYm5zYklEVGNlM1lSMlc0M2d4bDhXN1BOaFdta2o4UEFiNzVGM1VjcHRxZkY?oc=5&hl=en-IN&gl=IN&ceid=IN:en,GNews_Local,sangli_marathi,mr,2025-10-07T12:23:43.960543
Pudhari News,,Sangli crime : सांगलीत व्यापार्‍याच्या घरातील जबरी चोरीचा डाव फसला - Pudhari News,Sangli crime : सांगलीत व्यापार्‍याच्या घरातील जबरी चोरीचा डाव फसला  Pudhari News,Sangli crime : सांगलीत व्यापार्‍याच्या घरातील जबरी चोरीचा डाव फसला  Pudhari News,"Fri, 03 Oct 2025 23:57:00 GMT",https://news.google.com/rss/articles/CBMikwFBVV95cUxOeHFTai1WYjV2eHRsRWJQZUNFckd1akNyWDVRbjI3X0NaY0w2R3BuN0RFWDYyU2pkQkhtZWlLVjdNNkM3QWlRMTNVMk14MWhPN1VMRDJ2bUVxQmpUYkpDa2pCd1hlMjRWQ09OQjgxVTlEMmVMeEZEUDVBeU9oM2lVZmw5LUNBd3hfYjZnaF85NzZYSmfSAaABQVVfeXFMT1dGZWdnaGI4RlB4cGNCeHZaTzFGNjFBOGtLV3FtVVZjOVlYMy1DZ3ZTWUcybFI2RWl6UkNGYkpCYzJNQUtPdzRtYktwYUdneWlqaUZwLW12cXg1dFZpSjJjbXQwUkFfNUpTbzVsYVgyT3V6X1JPc1NrOVV1MTFyNVNXcnljMGxiWE9weDF1X1UyQ3RQZzVlRy1jWktYZ2NiMw?oc=5&hl=en-IN&gl=IN&ceid=IN:en,GNews_Local,sangli_marathi,mr,2025-10-07T12:23:43.960556
Pudhari News,,Sangli rain : जिल्ह्याला पावसाने झोडपले - Pudhari News,Sangli rain : जिल्ह्याला पावसाने झोडपले  Pudhari News,Sangli rain : जिल्ह्याला पावसाने झोडपले  Pudhari News,"Sun, 28 Sep 2025 00:00:00 GMT",https://news.google.com/rss/articles/CBMihgFBVV95cUxQWExoOUlBWVhzaUMxcjZwWndYcmd0Sm50bTdmOFEtNDVaTnZyTi1rTTNhcVd4TkFwYnVQMUcxV1hHS3BxanpqWVZTV3d0SEt3S2piV0JOMVY4MTVUSmhKcEJkaElKd2NUa21wenpGYmV1NzFqZksyNE5ENkctUWtZZTFXVkozQdIBkwFBVV95cUxNYm5XdGRETllUeDQ0QU5oU0ROWl9objBNdmJNYUFud250X3pacUl5LUhQYUx5YU03bHlRUUxHck0tdGg4YjI1VDJpZFJOS1ppVWZWclZUZDZjbDhwek03VkN6eUdWOW1Jb3ljNno2RTBKWkw0T0RZc2EteDludHozR1lUWE1zZEd1ZmVoUDBkZGhHUXc?oc=5&hl=en-IN&gl=IN&ceid=IN:en,GNews_Local,sangli_marathi,mr,2025-10-07T12:23:43.960569
Pudhari News,,Sangli fraud case: सांगलीतील दोघांना 7.79 लाखांचा गंडा - Pudhari News,Sangli fraud case: सांगलीतील दोघांना 7.79 लाखांचा गंडा  Pudhari News,Sangli fraud case: सांगलीतील दोघांना 7.79 लाखांचा गंडा  Pudhari News,"Mon, 06 Oct 2025 01:15:00 GMT",https://news.google.com/rss/articles/CBMifkFVX3lxTE50dDZ5MXBOUU9XRFdTWkVlNVMtWlVxWmpqU2x0Zk5KMXIwY2ZSY2F5dlBoTGhkUnAxeGRrQi0wdEpZakJ2Z05tdzZtVzI2cDMtS3VsMlMwbzJCWXMwYnhST3dGcXBqRmFiX3IzLTJaWUNQdVk4dno1N2J3TlB0Z9IBiwFBVV95cUxQX2xvWkRXNWtVbEtpUVEtVmJzZGI4WlpHZW1FelRDS1A0OG14VEc4ZHVjUmRnTFplVmlDUVFWS0FROWk4eWFIR21JMVJCNkUybWRsRTJTWTZxQVdQdzRlekpJcWRqaFlscjktMHlUaGZzUjdPNHpQaXdmY2Jwd29kdEU0TkYtal9GYVhv?oc=5&hl=en-IN&gl=IN&ceid=IN:en,GNews_Local,sangli_marathi,mr,2025-10-07T12:23:43.960578
Pudhari News,,Sangli News: कोल्हापूर रस्त्याचे मार्किंग 35 मीटरने - Pudhari News,Sangli News: कोल्हापूर रस्त्याचे मार्किंग 35 मीटरने  Pudhari News,Sangli News: कोल्हापूर रस्त्याचे मार्किंग 35 मीटरने  Pudhari News,"Thu, 25 Sep 2025 01:25:00 GMT",https://news.google.com/rss/articles/CBMimAFBVV95cUxQV0YtTVVrbl95aFg1aW1jbFA1dkE3UGxPY3lKWjVYaDk1MHQ2SFlYVHQtbkc5cVZxMnNRSGdPTGVlaEN0d3pQOUFFclFaVXp3bjRyWW9SeVRPZTVlT25BdHFST3BLYlByUUJPZk9vRHFTeUJGODFUUjVnWnptbjZraU1vSmVQT1p4Z19xODI3aE5KdFFCb012Q9IBpgFBVV95cUxNQnUyNmFfVEJqSzhKcmdlallQajhZU1U4ZGFBaUx3X3FOZXhHWHF2MWxHR0dvWndfLWNodnk3TkZlTWVOZEQ2VktRTGV1S0c4MFkycWZMMFlRZFoxR3VvNXlzVEppME11NEZnWGhvdy1jcENuOG5Rck8yU0o4b1UyMkMxUGNSbklMU0FUa3pRc1paTEk2U2tTYzRHbG5sSGJmcXZsanBn?oc=5&hl=en-IN&gl=IN&ceid=IN:en,GNews_Local,sangli_marathi,mr,2025-10-07T12:23:43.960590
Pudhari News,,Sangli : शहरातील 42 रस्त्यांची दुरुस्ती ठेकेदारांच्या पैशातून - Pudhari News,Sangli : शहरातील 42 रस्त्यांची दुरुस्ती ठेकेदारांच्या पैशातून  Pudhari News,Sangli : शहरातील 42 रस्त्यांची दुरुस्ती ठेकेदारांच्या पैशातून  Pudhari News,"Sat, 27 Sep 2025 01:10:00 GMT",https://news.google.com/rss/articles/CBMijgFBVV95cUxNQ0JrN1JwbFZmbmp6OW91dWhvZm43SzZYOWhlZXI3cFRZLVhJZEZtQlRzUXdNME1icnVkQ2x3MkdZT2JjY2xURHhFZUpaa3FEZzl3RFZjNm11NWpCc1R0V2YwM2ZrMlJySHVROGVwTldUaC1xZ1UwQ2dDU1VIbVJYekdMM0xOV1pla0Y3cDNB0gGbAUFVX3lxTE0zclEydHpyMmJnamlxZEpUM2VLV0xPZ0cxbXd5alAxWEdGVlpJNkh0R09vclhqbDZvWUFoVXlxNDBWdWVnbnNtWkNqMUlMQmZHZDRDcXFZTzJCTDllU3lweDVzSDlGRDlueUJ3R3VZdzNNYjItcDZnLUZ4ZlVHRDNnVURYcUNwSG53ZlRzdnp4QU9LLW9uNXluT1JV?oc=5&hl=en-IN&gl=IN&ceid=IN:en,GNews_Local,sangli_marathi,mr,2025-10-07T12:23:43.960602
Pudhari News,,Sangli News: महामार्गालगतची शेती नापीक होण्याची भीती - Pudhari News,Sangli News: महामार्गालगतची शेती नापीक होण्याची भीती  Pudhari News,Sangli News: महामार्गालगतची शेती नापीक होण्याची भीती  Pudhari News,"Mon, 06 Oct 2025 01:03:00 GMT",https://news.google.com/rss/articles/CBMijwFBVV95cUxPS1FvOEJMeWNyRENNOGZkRlpYZ29XNTlYN2hIQWlYWnVLSXVoaG9MT2RydkMyZ09oYUUwN05vT0I5bjE2N21mbE9xaWxqemJtbUtYMGVHazYwcWZiSXJtYVdzNjFlOTdMaXdhWkpuVnNIcVl0WEQ4YjJDbEZzNmM1N3dXcF94NlJQSFR4eGdIVdIBnAFBVV95cUxNbXYxOGF6Qm9kcGc4dnYza3RmRWFUaHRhUmpUd1FlM1JYd0VzeGUxNnc2TlF3aGQwY19UOU5IeWxDWFN2LUZzOFgtWHE5bE1XdkxvN24yQTI4Q1FTc1RGRzRQM2E1MjFFMV9BYkdOalJZMjJOZVc1TmpGYUFDSGFKa3RyYmhkNENMcWtOSWVUdmRlVVFOUzItbTFHZ1g?oc=5&hl=en-IN&gl=IN&ceid=IN:en,GNews_Local,sangli_marathi,mr,2025-10-07T12:23:43.960612
Pudhari News,,Sangli Rain: 291 गावांतील 96 हजार शेतकर्‍यांना फटका - Pudhari News,Sangli Rain: 291 गावांतील 96 हजार शेतकर्‍यांना फटका  Pudhari News,Sangli Rain: 291 गावांतील 96 हजार शेतकर्‍यांना फटका  Pudhari News,"Tue, 30 Sep 2025 01:35:00 GMT",https://news.google.com/rss/articles/CBMinAFBVV95cUxPb181azRNT2tpeTdEeGxHZDJ2Vjg2MEhrTFlkSG43T25iQmhaT0NtaWlYVVMydkFpUC1leVRqUnllbnRiLXBieXZpMjBReTA3QVhvWlQ5cjN2N21yRjRkWGtLNU1iaVRTbHNNODdoNWRzdUdCYWFXM3dQdzV5X25pSFlwMWh4UktZcGxLYTVOcV8xYzIxSWdVTHV6QVfSAaoBQVVfeXFMTnJyc1FReXl5aXlNdkN3SVlqMFpwSWZLME04dXAzbzMtdlFYclo5TVZTRzg0U2ZjUVhkaDFVOTJsQ3lxal9oZC1LWWh0RllEQzR2Mm0wdGxLVHd4eDY1VkVTZ3Z4Rzc3NTlodHg5YkE4NXlEdTRsUHNzb2FZV1cyMnRzQVF4TURtSmljNGtEZTNPaENCazIyZ3RNV1JCTWhScEFYZ3BhSjhVU3c?oc=5&hl=en-IN&gl=IN&ceid=IN:en,GNews_Local,sangli_marathi,mr,2025-10-07T12:23:43.960625
Pudhari News,,"Sangli News: रेल्वे, बांधकाम, महापालिका; सार्‍यांचे हात वर - Pudhari News","Sangli News: रेल्वे, बांधकाम, महापालिका; सार्‍यांचे हात वर  Pudhari News","Sangli News: रेल्वे, बांधकाम, महापालिका; सार्‍यांचे हात वर  Pudhari News","Mon, 06 Oct 2025 01:20:00 GMT",https://news.google.com/rss/articles/CBMinwFBVV95cUxNU0ZOeF9kS0FLMVdiWVYwX1FrQjJHa1hjRmM1X1hBWDJVTDJXcFZVNkVWVTZNbk1VbE1RN29wS3JXTzg2Tm1FU3BiSGNiSnNJNnl2cVBjV0tVeXpsWGpwenl1cHdhaW1jV3ZPbVdVRnJ2SGpObDdKMFB3T2l2V3d3d0M1cXg2ZTFVajV2dGptMHZzd2dKd0xvN2lvZi15NWvSAawBQVVfeXFMTnBHZGlUZDlMOTBjY3N1aXdTbHdmQm5vRkxRRzZUM29EdXU0eER5OFNPYlVES0NLQXQ3Mm1tZXMtZFZhWFBLSV9udXk2REJ2VVlXOUVJT242VUhQLURxSFJyRHprTU9TbFhQOTZjUkRrX3R0SG51LWpVVGRmdWJSeUdOZHRMX2pLQ2dpaXRrU2VaUjlBbFlwLXBtdTZBdVduRmE4MnJVQUd2dXZkdw?oc=5&hl=en-IN&gl=IN&ceid=IN:en,GNews_Local,sangli_marathi,mr,2025-10-07T12:23:43.960651
Pudhari News,,Sangli heavy rain : जतपूर्व भागात दिवसभर मुसळधार - Pudhari News,Sangli heavy rain : जतपूर्व भागात दिवसभर मुसळधार  Pudhari News,Sangli heavy rain : जतपूर्व भागात दिवसभर मुसळधार  Pudhari News,"Sat, 27 Sep 2025 07:00:00 GMT",https://news.google.com/rss/articles/CBMiigFBVV95cUxQOHpyZEkxb3NPVUg3QmFDd1EyTGxGdnhRUEpoRlRISmtKdC1HbVJGYjRDQm9YYlJ6VEFGOFB4SUhGcnNjcEVUaGF5MTI2TXBkc0V2Nl9sTVJvdThjMEUxQUNSSHdmVGIyamtORmlXUk9GRFdFVXBZVEdnRkRtaWJhVm5kOGJrQlQwbFHSAZcBQVVfeXFMUDRPRnFkWFQ0aGRWZEIwNjM4MWNyTmNKM0NWd0ZFUWRtem9rUnh1SFhiRFdSLXlxTDZ0ODBCMnFEQnVBN0gzbGdJTEJEclhPaHFlaE1jWVhIaGc0NWdiMHFVbkF4UVVmQWFwTG1WZXVJUXJUb3pLRl9oWUNLWUVLRE9yanZReDBXRGNQSDRuZ0JfWUc4cS1EYw?oc=5&hl=en-IN&gl=IN&ceid=IN:en,GNews_Local,sangli_marathi,mr,2025-10-07T12:23:43.960668
Pudhari News,,"Sangli Crime: सांगलीसह तेलंगणा, कर्नाटकात घरफोड्या करणार्‍या टोळीचा छडा - Pudhari News","Sangli Crime: सांगलीसह तेलंगणा, कर्नाटकात घरफोड्या करणार्‍या टोळीचा छडा  Pudhari News","Sangli Crime: सांगलीसह तेलंगणा, कर्नाटकात घरफोड्या करणार्‍या टोळीचा छडा  Pudhari News","Wed, 01 Oct 2025 01:42:00 GMT",https://news.google.com/rss/articles/CBMipgFBVV95cUxQTnYzc2Q2cmoxREg5R041SlZtV1pMZlF6UVB1SVNDNHMyVTZWQU4tcWVWYkJPVjhRTnBOdXlpRlBiMVlCWWJnWG9yOXE2V0dlYWVwY1JrNEZLdjdtLTV4WGRza0d1RUgxQ1FqQkxvbXhzQjdkRDdDRHRKQ1BXZ3c4SDZzejRtTFEwWDRWLXJxVFRERkFpLWRtSzJNdjFSQkhDRHp1Tm930gGzAUFVX3lxTE5lR3l6S1VaNndXb0d0VC1PX0tFMC1YSFN1Zl9rY0NPQUQ3a0ZSVFpYVFhidHR4dFAxZnBJX0llaE9RQWJrcjBZOElZeThjdlFMTjhQVm9pRnUyQ21jWWZhWkRId0NqRXIyNkczdEpfNndNRnBDWXJzRTVhN0YtLVpFX3pvNklxYlVobjZqX2FBQzhUa2dJYm53VzhHdm9hcE5DeXRYNEdoZUtJWGlTV3lZNDVj?oc=5&hl=en-IN&gl=IN&ceid=IN:en,GNews_Local,sangli_marathi,mr,2025-10-07T12:23:43.960897
tarunbharat.com,,Sangli News : आता सांगली - मिरजेतील वीज ग्राहकांना अधिक दर्जेदार वीज सुविधा मिळणार - tarunbharat.com,Sangli News : आता सांगली - मिरजेतील वीज ग्राहकांना अधिक दर्जेदार वीज सुविधा मिळणार  tarunbharat.com,Sangli News : आता सांगली - मिरजेतील वीज ग्राहकांना अधिक दर्जेदार वीज सुविधा मिळणार  tarunbharat.com,"Fri, 03 Oct 2025 10:40:46 GMT",https://news.google.com/rss/articles/CBMiuAFBVV95cUxQaUJDUTBWNmdnM0NMbGl3bnZvb1RURVNWLWh0N1JrVHY3elhLRngwUXpLS0Y5MU5nYjRqQTVJc3h0ZjlfZ2x1cFNxcE92bklvMkN0RG1qWl82ckFNczNEeFB2aGNlU09hQ0pQa0JUQnVJTTJPSURRX2ZiT2htbEdWcnc0ajZwczdBUllIQ29SYzZVOC0taVp6b01HN2VtR0p5bVQzM0VLZEFkMEFkdWZ1WGlMNVU5X0Ut0gHPAUFVX3lxTE5KQm9TbjFZTlY4MWpKMml5amNWQm93YWVjcnlnbmhoVDlFbVk1UG50QVV0Mno5dXMtUnlEcF94NW9tZWV6aVBUSldhVU9TTkZyQ1ZHcmNzQWRlTk9uNnROQkZ1SkFxSTk5YUtaYWVHcVpjd1lCandvT2tKRzFUczhMU3RmNWVPMk55bUJuVmxOS25BRGQ4SXE5enFrUjR5ZTJELUI2UTBEWjN2ZEs4NXFFXzAxZlZRRjBjVmstX1RhSHMyUTFJS2w0UW93WDltcw?oc=5&hl=en-IN&gl=IN&ceid=IN:en,GNews_Local,sangli_marathi,mr,2025-10-07T12:23:43.960940
Agrowon,,Sangli Rainfall : सांगलीत जोर मंदावला - Agrowon,Sangli Rainfall : सांगलीत जोर मंदावला  Agrowon,Sangli Rainfall : सांगलीत जोर मंदावला  Agrowon,"Mon, 29 Sep 2025 11:30:00 GMT",https://news.google.com/rss/articles/CBMiuwFBVV95cUxPN3VFQXBSNW1ZQ1pLc1J5cVA4VC10SF9CeGt0R2xKdTR5LVFBakxNTEdjVlR0WWY3TjVfZFFQTGgwOERoN1Z4V01mZXJxaFk2THM2Tm1DSHFKMFZaSHVEN2ZfSEFQUDlfX19pRlIxRlFjMmQ3cFpWSndwS2hCSXVCUzVqNURyMXpfSmdJam5zTlh0eGRlSEtXdG4xRlBqM25xU1JsbGJkNjlLUE1kYS01eU1CdUduUGNjTnlz?oc=5&hl=en-IN&gl=IN&ceid=IN:en,GNews_Local,sangli_marathi,mr,2025-10-07T12:23:43.961039
Pudhari News,,Sangli : तासगाव तालुक्यात पावसाचा हाहाकार - Pudhari News,Sangli : तासगाव तालुक्यात पावसाचा हाहाकार  Pudhari News,Sangli : तासगाव तालुक्यात पावसाचा हाहाकार  Pudhari News,"Sat, 27 Sep 2025 23:49:00 GMT",https://news.google.com/rss/articles/CBMihgFBVV95cUxQNlpyZjRRREVzLUdjYlV4YnVTMnJxM1lsXzZ6QXU2MC1wSWZXYlhqSWc2RjdXN09HTnVMRjBabEJ1MGFEcnFfeTJLWi1XZUd4WTBqdjVtaXI1NVQ0QkdKSjRfdWpmaEo4bTFnRWVhbkFnQTQxMHowYVlvaGhCVWIxLWdwYVU0UdIBkwFBVV95cUxPLV9KZXhlaERUUEt6WDZjdVFFSG51ZEcwZWVLd1Eya3JUOEdTaHRHQkNhTl9RdWpOaHA0Vmtkd0F6S2tpalZTTURrYW1yaEkxSDR3SGhtNUgtN3BLa01WNzhQUkZGRjdwWFVqa1psbE11UUQ2TU9MenlrVjFBUV9LNVo2STBvQ19taGZEVTZfMVFOamM?oc=5&hl=en-IN&gl=IN&ceid=IN:en,GNews_Local,sangli_marathi,mr,2025-10-07T12:23:43.961117
Esakal,,"Sangli Crime News : उच्चभ्रू वस्तीत चोरी करायला गेले अन् अंगभरून मार खाऊन आले, सांगलीत मध्यरात्री नेमकं काय घडलं? - Esakal","Sangli Crime News : उच्चभ्रू वस्तीत चोरी करायला गेले अन् अंगभरून मार खाऊन आले, सांगलीत मध्यरात्री नेमकं काय घडलं?  Esakal","Sangli Crime News : उच्चभ्रू वस्तीत चोरी करायला गेले अन् अंगभरून मार खाऊन आले, सांगलीत मध्यरात्री नेमकं काय घडलं?  Esakal","Sat, 04 Oct 2025 05:38:51 GMT",https://news.google.com/rss/articles/CBMi2wFBVV95cUxQS3ZjMEgzaGJUYktoWHZBaU1fbm1GSFVNbjY3ekFoY0FIOGRhNGN6a2FlbWtodkp5LUV2dzU0cmVlbnJLREdRTWNKMk45Z3RRYms3ZENoYmNEbnVONlU4QlIwVnk3Z2tEVXo2YWdreUxPcVI2dHY4QnZFYUNxdEhRWlBHemlnemRVVkxRMEpOaFZUaUVlWkx6YlctQmx2NTN0clB3RktfdVRYRlhoUUVaR3hTLW5pRThkclhtTXJ6V085VXprTy13VG8tX0dvYjRRMHE2eGRsd2pZYnM?oc=5&hl=en-IN&gl=IN&ceid=IN:en,GNews_Local,sangli_marathi,mr,2025-10-07T12:23:43.961144
Pudhari News,,Sangli rain : वाळवा तालुक्यात पावसाचे थैमान - Pudhari News,Sangli rain : वाळवा तालुक्यात पावसाचे थैमान  Pudhari News,Sangli rain : वाळवा तालुक्यात पावसाचे थैमान  Pudhari News,"Sun, 28 Sep 2025 00:04:00 GMT",https://news.google.com/rss/articles/CBMieEFVX3lxTE5YNzgxQVVIaVRuMDE5R2Z1ZFdJTWl0SHRKbzV5NXlJMktOMlVhZFowU2JEeDFWWVI2bERqRXo3V2ZBaHpaS0o5RTNBVGMtQzJrLWhyUDNmbjVBRTlrNHhjZmNzTmpVcWJGNTZvSzRaTlY2ckFYMVZBU9IBhgFBVV95cUxPdHJrOV9jWkRLNGhqWEVISWs3am5QM0pOMUVLOW9jVTBidDRlUFhVNEVJdFItaEtpWGIyaFpPQm16MnZmdHhiX25GTmpfV2JDbmlLMVVFSXJVVFRCM011aE0wa0ZpYzItSkQ2ZktQV2ZULW9uRlpsYWtidFNFY2h1My1zTXlkQQ?oc=5&hl=en-IN&gl=IN&ceid=IN:en,GNews_Local,sangli_marathi,mr,2025-10-07T12:23:43.961160
Pudhari News,,"Sangli : युवकाच्या मृत्यूप्रकरणी शाळेच्या संस्थापिका, ‘महावितरण’विरोधात गुन्हा - Pudhari News","Sangli : युवकाच्या मृत्यूप्रकरणी शाळेच्या संस्थापिका, ‘महावितरण’विरोधात गुन्हा  Pudhari News","Sangli : युवकाच्या मृत्यूप्रकरणी शाळेच्या संस्थापिका, ‘महावितरण’विरोधात गुन्हा  Pudhari News","Fri, 26 Sep 2025 07:00:00 GMT",https://news.google.com/rss/articles/CBMioAFBVV95cUxObmg1RWYxd2JicEQtcS1yZWV5WXV1SDF4RDMzT3pPZ0lXdk9qQk9BQTFld2J2SnpaZFAtUURyTU0zMlRpWnhkaWc1a3BOMVlHLUZLdm51d1FRV0kzZ29lNTczaGlsV0Q5TGJ5TVdScVhZeDJ0Rlp5MDFhSjE5M3NLUWhSYUM5YzBITjZvT1lTdno5TmpURlItTzBBNFBTTVRX0gGuAUFVX3lxTFBvbUFfYW5Va3NtNHVUYjdNcWo4cXhZY0hmbzBPRm1DcHdpRjFuV2s0Q1BhOU9nRlJvYm4wQThhMDhJcEFSdGhIeWNsWEdZQjd5c0d5dldiWXh1RGs1VENTSGlKNV81V2VqLW5NS0R2Wmg5RFpHdU1MdVdzbTdHY3R3bmcxeWhKcWVFWTQtRFNxeWt6Y3NoYUZRdzdXQXNjbFNpc1ZuQU93SGdpSU9CZw?oc=5&hl=en-IN&gl=IN&ceid=IN:en,GNews_Local,sangli_marathi,mr,2025-10-07T12:23:43.961216
Pudhari News,,Sangli municipal corporation: पाणीपट्टी थकबाकीदारांना 2.10 कोटींचे ‘अभय’ - Pudhari News,Sangli municipal corporation: पाणीपट्टी थकबाकीदारांना 2.10 कोटींचे ‘अभय’  Pudhari News,Sangli municipal corporation: पाणीपट्टी थकबाकीदारांना 2.10 कोटींचे ‘अभय’  Pudhari News,"Tue, 07 Oct 2025 01:17:00 GMT",https://news.google.com/rss/articles/CBMikwFBVV95cUxQU0tCTlloVFFqekFNT2xSWVVjRnE2bE9TY1dpMzVCVkp6QjlNaExfY2hPV3o1ZzVUUThIX3BweXU4bnZCS2xfQ2hhc2FMdHdQazlGWFdzNkhUcS1yQ1BxYjNVNkZiY1VhcW1MdUpFVERtOXdQRlNiVnVlWDJ0QTE0RnlQQ0ZOb1A4aHZxRmJCWmtvZDTSAaABQVVfeXFMT1I1cVl6ekhhWXhrZEpoMjRtQkM3cXVac1p2QW9ZM0dkUksxWHdGdzdDRzR2TUotYWRKb1JxdTZGZFJ6TWNXX1ZXN2J5cVlmS0NCeUI4ZHNsMkJMU0ZoMXFxNUFqOW5vQ3pYRWlOOE1Ybk1rNjJoSThNZjZ6UTJHT0VSUkpFY3doanQ1Zk9fU1JNVWlqcFotQ0l3bENKeE53bg?oc=5&hl=en-IN&gl=IN&ceid=IN:en,GNews_Local,sangli_marathi,mr,2025-10-07T12:23:43.961247
Pudhari News,,Sangli rain : कवठेमहांकाळ तालुक्याला पावसाने झोडपले - Pudhari News,Sangli rain : कवठेमहांकाळ तालुक्याला पावसाने झोडपले  Pudhari News,Sangli rain : कवठेमहांकाळ तालुक्याला पावसाने झोडपले  Pudhari News,"Sat, 27 Sep 2025 23:43:00 GMT",https://news.google.com/rss/articles/CBMihwFBVV95cUxNdmFETnpwZE0xUkJZdjVjOENLMnVDM3V0UzNtRVBRbXF0Wm1nWEZkNVBMWTF2SXp6dzR3aEtPNTdIZzNFWFJpMG5wcW1wbGo2UU0wMVRTc2dDWDJCc3RWcG5OQUdCNkFzNVp1T1pMaWtIS0Y0bXZmMi0xaTVVV3ljcDlaWFpWTnfSAZQBQVVfeXFMTWtkLTRZTzJFS0hlSVJyZlBFUWxaSXBPemFwUE1IeFhXcjhLQmRJSmVZb1A5ZkpHUjAtaFFScTVXUUdCOHBsNGNqOEt5dmhmbVlmU2gtXzVmUHpnV3ptdmhMOG9jRE55ZTQyM2Z3RllyWWZZZE5sSWt1WXpCU3JHOFBKUThyZ3ZCdE5jY2dFLVRGZ3dRQw?oc=5&hl=en-IN&gl=IN&ceid=IN:en,GNews_Local,sangli_marathi,mr,2025-10-07T12:23:43.961266
Pudhari News,,Sangli Accident: दूध टँकर पलटी होऊन दोघे तरुण ठार - Pudhari News,Sangli Accident: दूध टँकर पलटी होऊन दोघे तरुण ठार  Pudhari News,Sangli Accident: दूध टँकर पलटी होऊन दोघे तरुण ठार  Pudhari News,"Tue, 23 Sep 2025 23:44:00 GMT",https://news.google.com/rss/articles/CBMikwFBVV95cUxOaFQ3Ry1GNjZhY0JWZUNPcHUxcjZLVmVwVkdQS0FUbVFDanZSYXAxVnhxRXhLVlNvWkxQaFM3dC03U0J3Zi1senpLOGR6ZkxqM3o0QXpLQldxVzM4Q1I3RVNTRGhJcXNjcjd6djg4ZS0xN3IxWmU4ZHV6VEVlSU5TbFZfUDBmZnc0YnQzNzVXWWYtN2PSAaABQVVfeXFMTnhoVVNaNVAtcnJ4UURvUUJFaXdmZy1VV1NPVEVhRVFZVEFSNTdvVFV6Zmc2RDVqWmhzMVg3TW4yQXFkS1NhalZiUG96azZqZ3U3NFNrRW1GZHVfV0RMVHc0NGxnWnE3MXN2MkxZTkdLaE1UTWQxZTZXcnNxYjRHNWxXVFNCQnlvUVh2Z29waWFxei1qejZMM0pnSGdWYWcwXw?oc=5&hl=en-IN&gl=IN&ceid=IN:en,GNews_Local,sangli_marathi,mr,2025-10-07T12:23:43.961279
Pudhari News,,Sangli crime : अनैतिक संबंधाच्या संशयावरून पत्नीचा गळा चिरून निर्घृण खून - Pudhari News,Sangli crime : अनैतिक संबंधाच्या संशयावरून पत्नीचा गळा चिरून निर्घृण खून  Pudhari News,Sangli crime : अनैतिक संबंधाच्या संशयावरून पत्नीचा गळा चिरून निर्घृण खून  Pudhari News,"Mon, 29 Sep 2025 00:18:00 GMT",https://news.google.com/rss/articles/CBMijAFBVV95cUxQT3lhOWxJQWllcXlTUDZzMVhSX2RBVkFhNEFET0RfVEZSSDZwUUM5ZGZLNkkyVlN1SUg1VXpjdzdXUnhoOXFlLXNsZHVCbGFDYVFKRUVyWEF5WUN2UFdVZXVGdDlFWE05eExmU0doUm50d3o2ekpwY1BnVzJtREdySW5LT2tPS3dlOFEzbdIBmgFBVV95cUxQMUxDUWZHT1hNaGk3UUVHQUxVVUJpamQwRDNiNzhzbFNTRUZuN2JHb2R0OXAxeVZGSjUtWXA1bVBDNVNZSGNLcTNyYVBFYmUzR0lHU2xhRkI5ZE0yeUhiUnRfa2lPRDNIb241WGFGa1I0anJfMktTT3FFaW1CVjAwX1dYbjY2ZmVGSXV0alNkTVMwOTVYVDFES1Vn?oc=5&hl=en-IN&gl=IN&ceid=IN:en,GNews_Local,sangli_marathi,mr,2025-10-07T12:23:43.961290
Esakal,,"Weather Alert Sangli : सावधान! कोयना, वारणेतून विसर्ग वाढला, सांगलीत आणखी पावसाची शक्यता - Esakal","Weather Alert Sangli : सावधान! कोयना, वारणेतून विसर्ग वाढला, सांगलीत आणखी पावसाची शक्यता  Esakal","Weather Alert Sangli : सावधान! कोयना, वारणेतून विसर्ग वाढला, सांगलीत आणखी पावसाची शक्यता  Esakal","Sun, 28 Sep 2025 05:32:22 GMT",https://news.google.com/rss/articles/CBMiwgFBVV95cUxNSU9KZHFXZFYyM25KUm4xWnVsemNGLTdneUVCa1lYMHVURngwemJmdjBqck5aV1Z6NVVfcHpjU0ZjRDNhbnhKaFZRMEVxNjBJUHNOWDhfNkJ3bXBZa09oWmpWN2U2YVg5Nk9HZVBwQUpsanJpZnRUcjM0V1BmQ1Nib291WGVLRGphUDZwMFpUd0V0d1lwaXd2OWtwZGQzZEhMM3ZQQkZiU1pMUzlmZFpJelczSm9VRjFabGYtTjNvcnQtQQ?oc=5&hl=en-IN&gl=IN&ceid=IN:en,GNews_Local,sangli_marathi,mr,2025-10-07T12:23:43.961356
tarunbharat.com,,Sangli News : तुळजाभवानी यात्रेसाठी सांगलीच्या 65 बसेस रवाना ! - tarunbharat.com,Sangli News : तुळजाभवानी यात्रेसाठी सांगलीच्या 65 बसेस रवाना !  tarunbharat.com,Sangli News : तुळजाभवानी यात्रेसाठी सांगलीच्या 65 बसेस रवाना !  tarunbharat.com,"Mon, 06 Oct 2025 07:52:59 GMT",https://news.google.com/rss/articles/CBMilgFBVV95cUxPQm95aHFjYTFWanAwcjZfdWxndTZuUHpTaFNLOENHdlZkWGZoS3lDS25aZnJNRTQyT1dfVkFnRFVjRW5ReVd2R01lUDItQVI1RmFLalJnSFNoekl1VkVQVXowWWo3NThoWUcyd2o0ZnBjcXNEVU9YSDFNMW1LQjZXb2VMV1NsZmFDRlVNM0MyZ0VmTEdfblHSAawBQVVfeXFMTkN6dWhLa3VqVEtWUHNhTksyV3l1dEpraGRYSW1rczhncUFxVmxiVlRqT21qY2hMMXNtSXlVUzgxZUYyVUNGcllFRWhwZHMtc1RzM0FadU9XLU1ERGZsMU1uUE5QV3BYM2JtaU5Uc0VXWE5mVFBlVDhBTWNaWUJXQ3FOTWNzM2lOdDlwZE9TcnVzdmU0X2FwT1hnZjRIdm5UYjcxVFY2R3U2T2I4cw?oc=5&hl=en-IN&gl=IN&ceid=IN:en,GNews_Local,sangli_marathi,mr,2025-10-07T12:23:43.961408
Pudhari News,,Sangli : कृष्णा खोरे कार्यालयावर बुधवारी मोर्चा - Pudhari News,Sangli : कृष्णा खोरे कार्यालयावर बुधवारी मोर्चा  Pudhari News,Sangli : कृष्णा खोरे कार्यालयावर बुधवारी मोर्चा  Pudhari News,"Mon, 29 Sep 2025 01:31:00 GMT",https://news.google.com/rss/articles/CBMilAFBVV95cUxQeE1OckppN3Q2V3BMYXVCOGlkbkRMZHNpZHhhZ3hoenlfOWhhTUcySUtQQThhb0ZLakJqRHQ3QkduYTc2R2VVdzUzZWhpOXQxbGhmVFRzeXpVQUFURFluXzljbTNJRFRSTVJlQkdFak05b1gteUVISnBYbzNXNm1RNE05TG9PNWFMTU5wcFE5NUhjWFA40gGiAUFVX3lxTE15cEV6cXNwTXVRY2xTLUVYVGQteGlrd1B6RnY3dHRSZHVpUVpWdW1PQnBTVndGLTVhVmdHVFN2Qm9OMmx4N0lBRFhlYU5XLWZIYnp6LUFNZmJnVUpnZ2UydmF3QmYtMEh1ZGc5WkkyWG1nTGV5bWFwRXg1OUQ5TmtoOTVJUjdSaHotVGFOTnE4b0VRbVE3NlVWWEx4ZGxrTTJfZw?oc=5&hl=en-IN&gl=IN&ceid=IN:en,GNews_Local,sangli_marathi,mr,2025-10-07T12:23:43.961431
MSN,,"Sangli Crime: सांगलीसह तेलंगणा, कर्नाटकात घरफोड्या करणार्‍या टोळीचा छडा - MSN","Sangli Crime: सांगलीसह तेलंगणा, कर्नाटकात घरफोड्या करणार्‍या टोळीचा छडा  MSN","Sangli Crime: सांगलीसह तेलंगणा, कर्नाटकात घरफोड्या करणार्‍या टोळीचा छडा  MSN","Fri, 03 Oct 2025 01:49:43 GMT",https://news.google.com/rss/articles/CBMiswRBVV95cUxPR2lmYzg1Y2JrZzdQeTJnMTZLc00tSTNaWVA2MzQ1Y3dIUnFad0VQbUVNVW1RY0I2d0NxWE1fQ1BpS0JMdnZyQy0xTTYyZmJfa0J1REYtS25VaEJEdU91T0NLZTk1TDdtMFlFTG82eGNQV1hwVzJZaDRkREJFY1JjN3o5clhqdXRHQlE3a2dxQnBmRUt3R01YWjljbEpwbE9Ha1EwZUJ4aTlkVjcydWVMZnpDazNPZExMZy1OUU1SVlkySzJ0N1hZNjhwcTJISER1Q2UwVUoya196SEs0ekRQdVNYZ2ZqTWlxM3d5aHc3T0hGMllDQnJkS0JJcUtsd1ZjSmlWbnhmZTl5TmhOWnJnVnUwY09Jb3FlOVNuUmNWSGhaSVRWOFdfZTZmejN0aEh5YTI0eGpfYmdQSzVTYUozbGpsU1JVV2NvOS11X1IwZFZPNlBUMXVhaExYRGtkX0s5dW1fZWM2bkp1S09wNGhWNm9jQjdrY2lUUUw1YTZpd2Z0TWdMUC0wTUs1UWlUdHJRUEE3d3d5SHlKSmN4YlhRM1A3bUp6M0QtcnFVVmpOTGw1UndKWXI2dldvQnBTZUw1UXZUcUpRbVFmYV8wVGtHUXM0OWI1V0QwYXVOY0NuNlFSc0dfNk91NkR0aUZneGlRT01XcnJlZXR1QmJlRVhpLUZVaHd2MkJUMmJ6em5XLWEtbG1LdE80OHR5bDIzcERhTGJyWjhPdWR0TExHekFrcUxDNA?oc=5&hl=en-IN&gl=IN&ceid=IN:en,GNews_Local,sangli_marathi,mr,2025-10-07T12:23:43.961471
Saam Tv,,"Sangli Rain : जत पूर्व भागामध्ये पावसाने पिकांची हानी; हजारो हेक्टरमधील डाळिंब, बाजरी, तूर, भुईमूग उद्ध्वस्त - Saam Tv","Sangli Rain : जत पूर्व भागामध्ये पावसाने पिकांची हानी; हजारो हेक्टरमधील डाळिंब, बाजरी, तूर, भुईमूग उद्ध्वस्त  Saam Tv","Sangli Rain : जत पूर्व भागामध्ये पावसाने पिकांची हानी; हजारो हेक्टरमधील डाळिंब, बाजरी, तूर, भुईमूग उद्ध्वस्त  Saam Tv","Thu, 25 Sep 2025 07:35:05 GMT",https://news.google.com/rss/articles/CBMitwFBVV95cUxPaUJuZWtTdWkxWkl5Z2hEUnE3a3FhdHM0NGVSdFlhZExNdWVlRk0yWTRIWHptUGhPY05MU2c4WEhDOEFOcXVUMzVyTlYxaW9tMGhZalJKUkFWaWhzUHgtbEtIRHZibjhGUHh0dTJBb2Q3STRaUWRuaHJ3TVFfc1pVWlVtSTJucU5TdGNQc21yd0xhRE1ka3BaeFZRM2dHMG9GN1Q5Q0NEYi1SaFhUYnJQVGM5UG5IREHSAcQBQVVfeXFMTXZRWmdyeEhWcU13OUJ1MUl6bWNvVktxSGhwLVV6V1YxTjRtY2pGU1p3VE9RTTNES0dZV0NWS1paRVp2MGp3aC1SMWMyS2FEYVF4LTJwWGRJNEkwN3l4cUtERTRYYnFsZlYtRWNYckVTYVpvUTZMNk9hSGVMTi0zQzdDeHFseXI0OGdpT19XQk9qVmNpTlpYOFVvSVFodjgwdFV4bWFjcUZ1MVkwYVZNVTNmaU9LWEZpYWFFOXMzbFQzNE42ZA?oc=5&hl=en-IN&gl=IN&ceid=IN:en,GNews_Local,sangli_marathi,mr,2025-10-07T18:00:41.189994
ABP Majha,,"Kolhapur, Sangli Rain Update: कोल्हापूर, सांगलीत पावसाचे धुमशान खरीप पिकांचे मोठे नुकसान, छाटणी - ABP Majha","Kolhapur, Sangli Rain Update: कोल्हापूर, सांगलीत पावसाचे धुमशान खरीप पिकांचे मोठे नुकसान, छाटणी  ABP Majha","Kolhapur, Sangli Rain Update: कोल्हापूर, सांगलीत पावसाचे धुमशान खरीप पिकांचे मोठे नुकसान, छाटणी  ABP Majha","Sat, 27 Sep 2025 07:00:00 GMT",https://news.google.com/rss/articles/CBMilwFBVV95cUxORzJQSzdlWGNjT2hQNmg4MTBHemkydzJCckpBdzJscl96TVpoTnJjb0wxMHBxYnZGX1B4MGt2OFFod0tLOFAtY2hGN04yYk9hYlAwajY3N3Ixa1RvYXNMNkNMMTVRWUJKUzRnN1hpcDk3VEI1bkhWdzdEdDBlTTl2R000MHlWTXYzRG5LeHN5VnM5QUVoZnNr0gGcAUFVX3lxTFBZYmVENkJQNlBzY3E2NlYxV2ZVWmZGNllubGJheHJ2LU1xNkQ0bEFCZkJkSl9TY2dManBhVzd4MHVud3hMYXc3V0RkSmYtMmN1bllRcWo3c0c4UHlHSVg3SHVNcXNWVW9adnBIV0RBeFR0T0NXSlRZT0V2VHVyMXJWQ2JDMWw5QWM1ZXFnaWhHdmw1TE13QUJQQ0RjWQ?oc=5&hl=en-IN&gl=IN&ceid=IN:en,GNews_Local,sangli_marathi,mr,2025-10-08T13:10:51.268808
Pudhari News,,"Sangli News: आरक्षित जागा, रस्ते, झोपडपट्टी क्षेत्र मोजणीसाठी एजन्सी - Pudhari News","Sangli News: आरक्षित जागा, रस्ते, झोपडपट्टी क्षेत्र मोजणीसाठी एजन्सी  Pudhari News","Sangli News: आरक्षित जागा, रस्ते, झोपडपट्टी क्षेत्र मोजणीसाठी एजन्सी  Pudhari News","Wed, 08 Oct 2025 01:12:00 GMT",https://news.google.com/rss/articles/CBMitAFBVV95cUxNZTJvUWlFTC1rYTd6UlNYQVNXNVhzZkFCbklYcy1WcE1mcTZYM3pKNEFha1BHZ3hoajNIWjJyTmtmRl81aDdPeS1BZXVSUnRibnZXbjZHa0QtVGdxSHFvWTJEempLZEpvRHlHQ2VIOWtnamJWcDVaRzVka044MkFGWmxReFZ6Y2M5RnhQY19SdXh4TDB4eGZFbS0xeTNDb2w5NzQtaWt3SGJDZE9meWFENUZfLVfSAcIBQVVfeXFMTUUyLVRnaTNqdHFwTGppekU5WVRvWkRMV19TZElHQ3ZXT1RZWFlTa3FOMWtDM2pMNndVRlM1ak9Pa1hZQUNtdlFEdm1WSUxGTDYyUHlUOHJXdENmN1AwUXFINm1adnhSaEVjNzAxSmZ2UXg2ZUh4QWd3dXpLVFVUbWVfSV9oWDRyeGpXdkx2WGFwc2RvWlR1TnBCMzNUTVY3SmhOcXRISEJaelVFUGdHU3BZQThnQ19lNW9SOThHM2pXQXc?oc=5&hl=en-IN&gl=IN&ceid=IN:en,GNews_Local,sangli_marathi,mr,2025-10-08T13:10:51.268808
MSN,,"Sangli News: रेल्वे, बांधकाम, महापालिका; सार्‍यांचे हात वर - MSN","Sangli News: रेल्वे, बांधकाम, महापालिका; सार्‍यांचे हात वर  MSN","Sangli News: रेल्वे, बांधकाम, महापालिका; सार्‍यांचे हात वर  MSN","Mon, 06 Oct 2025 01:55:43 GMT",https://news.google.com/rss/articles/CBMixANBVV95cUxObDRyWXhoYkhoLUdVcXQ2SW5BQW41dVdQQTQ3MExhSW9sZ1k5VF9OQlJnbXZCY1FRM1pBZjBmdmh2RzE2ZHFWNlBYUEk4bG1IcERGbVFBRjBhSGFFaHlLV0JnZHRiX2F2ZFZPaUp2OEI4UHZrdWNuOUVCTnFjUTJCVzhNMFNYR0JLTnFlazlkRHljaEhuem11TkZGd3VJLS1nZVp3SUhWbDFxR0loV3dTckpKMmIyejFOYjRuZHlSbTdjSk5VazV0RFYwWVFxbVY2LXJHNEV4SXB2SDFfc0QwazlsVnMtcVVfQUFiQXZzWDJTenNBdW96b3hENXgxekdLUlNWbzNSX3ZLRjVnRk15QWNKZ0FZWl9oblNSTzRRSExTV0tBb2cwWGRTUHdTRmdWVUtuWjRfbTZzc0ZxMG1zQ3RsNUZoSDA4Zmg2V0hRdWdReEVSeGZFWTUtWUVfcHpHcTVvcDlWOXN4SHBubENEdjlGSi13bXh0Qjh0b2dHLTlyWG5oZEdBaDQ3UlUtRUZGcnpwLV9idmt6eXdwbndFZWJOLWRjd3N0VVFkb1dxZ1JiNVhVNEZlemZSeUcxbEktYlotVA?oc=5&hl=en-IN&gl=IN&ceid=IN:en,GNews_Local,sangli_marathi,mr,2025-10-08T13:10:51.268808
