text,processed_text,source,vader_label,vader_score,textblob_label,textblob_score,label,timestamp
Hyatt Signs Management Deal for Hyatt Place Kolhapur Sangli - Hospitality Biz India Hyatt Signs Management Deal for Hyatt Place Kolhapur Sangli  Hospitality Biz India nan,hyatt signs management deal place kolhapur sangli hospitality biz india nan,sangli_news,neutral,0.0,neutral,0.0,neutral,2025-11-26 14:42:25.604584
NDMC installs 20 aerobins at Sangli Mess to manage waste - MillenniumPost NDMC installs 20 aerobins at Sangli Mess to manage waste  MillenniumPost nan,ndmc install aerobin sangli mess manage waste millenniumpost nan,sangli_news,negative,-0.8625,negative,-0.1875,negative,2025-11-26 14:42:25.604584
Key accused in Shirvoi knife attack nabbed in Sangli - The Times of India Key accused in Shirvoi knife attack nabbed in Sangli  The Times of India nan,key accuse shirvoi knife attack nab sangli times india nan,sangli_news,negative,-0.8625,neutral,0.0,negative,2025-11-26 14:42:25.604584
"Daily life affected in Kolhapur, Satara & Sangli districts; landslides reported - The Times of India Daily life affected in Kolhapur, Satara & Sangli districts; landslides reported  The Times of India nan",daily life affect kolhapur satara sangli district landslide report times india nan,sangli_news,negative,-0.296,neutral,0.0,negative,2025-11-26 14:42:25.604584
Sangli contractor found dead; kin say he was under financial stress due to unpaid govt bills & debts - The Times of India Sangli contractor found dead; kin say he was under financial stress due to unpaid govt bills & debts  The Times of India nan,sangli contractor find dead kin financial stress unpaid govt bill debt times india nan,sangli_news,negative,-0.9349,neutral,-0.03125,negative,2025-11-26 14:42:25.604584
"Floods now a ‘new normal’ in Kolhapur & Sangli, no matter how much it rains - The Times of India Floods now a ‘new normal’ in Kolhapur & Sangli, no matter how much it rains  The Times of India nan",flood new normal kolhapur sangli matter rain times india floods nan,sangli_news,neutral,-0.0382,positive,0.16212121212121214,neutral,2025-11-26 14:42:25.604584
"Floods hit power, water supply in Sangli, Kolhapur in Maharashtra - India Today Floods hit power, water supply in Sangli, Kolhapur in Maharashtra  India Today nan",flood hit power water supply sangli kolhapur maharashtra india today nan,sangli_news,neutral,0.0,neutral,0.0,neutral,2025-11-26 14:42:25.604584
"Maharashtra Water Crisis: Section 144 Imposed In Sangli, Satara Districts to Stop Water Theft -- Check Full L - india.com Maharashtra Water Crisis: Section 144 Imposed In Sangli, Satara Districts to Stop Water Theft -- Check Full L  india.com nan",maharashtra water crisis section impose sangli satara districts stop theft check nan,sangli_news,negative,-0.6941,positive,0.35,negative,2025-11-26 14:42:25.604584
Govt denies responsibility in paying Sangli contractor found dead as opposition questions pending payment - The Times of India Govt denies responsibility in paying Sangli contractor found dead as opposition questions pending payment  The Times of India nan,govt deny responsibility pay sangli contractor find dead opposition question pende payment times india nan,sangli_news,negative,-0.9349,negative,-0.2,negative,2025-11-26 14:42:25.604584
BMC continues work in Sangli - The Hindu BMC continues work in Sangli  The Hindu nan,bmc continue work sangli hindu nan,sangli_news,neutral,0.0,neutral,0.0,neutral,2025-11-26 14:42:25.604584
Sangli residents set to face 50% water cuts from Monday - The Times of India Sangli residents set to face 50% water cuts from Monday  The Times of India nan,sangli resident set face water cut monday times india nan,sangli_news,negative,-0.5267,neutral,0.0,negative,2025-11-26 14:42:25.604584
Sangli city to face supply cuts as Krishna water level dips - The Times of India Sangli city to face supply cuts as Krishna water level dips  The Times of India nan,sangli city face supply cut krishna water level dip times india nan,sangli_news,negative,-0.5267,neutral,0.0,negative,2025-11-26 14:42:25.604584
Water crisis: Prohibitory orders in Maharashtra's Sangli & Satara districts - The Times of India Water crisis: Prohibitory orders in Maharashtra's Sangli & Satara districts  The Times of India nan,water crisis prohibitory order maharashtra sangli satara district times india nan,sangli_news,negative,-0.8481,neutral,0.0,negative,2025-11-26 14:42:25.604584
Koyna dam sluice gates reopen for water-scarce Sangli district - The Times of India Koyna dam sluice gates reopen for water-scarce Sangli district  The Times of India nan,koyna dam sluice gate reopen water scarce sangli district times india nan,sangli_news,neutral,0.0,neutral,0.0,neutral,2025-11-26 14:42:25.604584
"Sangli, Satara & Solapur residents in despair for every drop of water - The Times of India Sangli, Satara & Solapur residents in despair for every drop of water  The Times of India nan",sangli satara solapur resident despair drop water times india nan,sangli_news,negative,-0.7783,neutral,0.0,negative,2025-11-26 14:42:25.604584
Maharashtra: Rs 133 crore flood relief given to Sangli administration - The Times of India Maharashtra: Rs 133 crore flood relief given to Sangli administration  The Times of India nan,maharashtra crore flood relief give sangli administration times india nan,sangli_news,positive,0.7351,neutral,0.0,positive,2025-11-26 14:42:25.604584
Sangli irrigation dept seeks 2 TMC from Koyna dam - The Times of India Sangli irrigation dept seeks 2 TMC from Koyna dam  The Times of India nan,sangli irrigation dept seek tmc koyna dam times india nan,sangli_news,neutral,0.0,neutral,0.0,neutral,2025-11-26 14:42:25.604584
"Reservoirs dry up, over 1,600 villages in Sangli & Satara face water crisis - The Times of India Reservoirs dry up, over 1,600 villages in Sangli & Satara face water crisis  The Times of India nan",reservoir dry village sangli satara face water crisis times india reservoirs nan,sangli_news,negative,-0.8481,neutral,-0.06666666666666665,negative,2025-11-26 14:42:25.604584
Water released from Koyna dam to tide over scarcity in Sangli dist - The Times of India Water released from Koyna dam to tide over scarcity in Sangli dist  The Times of India nan,water release koyna dam tide scarcity sangli dist times india nan,sangli_news,neutral,0.0,neutral,0.0,neutral,2025-11-26 14:42:25.604584
Maharashtra assembly speaker inaugurates key road stretch in Sangli - The Times of India Maharashtra assembly speaker inaugurates key road stretch in Sangli  The Times of India nan,maharashtra assembly speaker inaugurate key road stretch sangli times india nan,sangli_news,neutral,0.0,neutral,0.0,neutral,2025-11-26 14:42:25.604584
"Sangli Power Cut News: Electricity Shutdown In City for Maintenance Work on January 7, Details Inside - lokmattimes.com Sangli Power Cut News: Electricity Shutdown In City for Maintenance Work on January 7, Details Inside  lokmattimes.com nan",sangli power cut news electricity shutdown city maintenance work january details inside detail nan,sangli_news,negative,-0.4939,neutral,0.0,negative,2025-11-26 14:42:25.604584
RLDA calls for bids to develop vacant land on Sangli-Miraj main road - Construction Week India RLDA calls for bids to develop vacant land on Sangli-Miraj main road  Construction Week India nan,rlda call bid develop vacant land sangli miraj main road construction week india nan,sangli_news,neutral,0.0,positive,0.16666666666666666,neutral,2025-11-26 14:42:25.604584
"New highways between Kolhapur and Sangli approved for INR 1,130 crore - Construction World India New highways between Kolhapur and Sangli approved for INR 1,130 crore  Construction World India nan",new highway kolhapur sangli approve inr crore construction world india nan,sangli_news,positive,0.6808,positive,0.13636363636363635,positive,2025-11-26 14:42:25.604584
ITI Sangli offers free servicing of electric appliances for flood-hit families - The Indian Express ITI Sangli offers free servicing of electric appliances for flood-hit families  The Indian Express nan,iti sangli offer free servicing electric appliance flood hit family indian express nan,sangli_news,positive,0.765,positive,0.25,positive,2025-11-26 14:42:25.604584
"Maharashtra's Sangli, Satara to get better connectivity as work on NH 160 begins: Nitin Gadkari - The Economic Times Maharashtra's Sangli, Satara to get better connectivity as work on NH 160 begins: Nitin Gadkari  The Economic Times nan",maharashtra sangli satara well connectivity work nh begin nitin gadkari economic times nan,sangli_news,positive,0.9283,positive,0.35,positive,2025-11-26 14:42:25.604584
Temporary Closure of Gates on Satara-Sangli Railway Line for Repair Work - PUNE PULSE Temporary Closure of Gates on Satara-Sangli Railway Line for Repair Work  PUNE PULSE nan,temporary closure gates satara sangli railway line repair work pune pulse nan,sangli_news,neutral,0.0,neutral,0.0,neutral,2025-11-26 14:42:25.604584
"Four labourers killed, 10 injured in road accident in Sangli district - The Hindu Four labourers killed, 10 injured in road accident in Sangli district  The Hindu nan",labourer kill injure road accident sangli district hindu nan,sangli_news,negative,-0.9666,negative,-0.2,negative,2025-11-26 14:42:25.604584
"Sangli-Peth Naka road construction begins, to be completed in 2 years - The Times of India Sangli-Peth Naka road construction begins, to be completed in 2 years  The Times of India nan",sangli peth naka road construction begin complete year times india nan,sangli_news,neutral,0.0,neutral,0.0,neutral,2025-11-26 14:42:25.604584
"Pune: MSRTC partially restores service to Kolhapur, no buses to Sangli - The Indian Express Pune: MSRTC partially restores service to Kolhapur, no buses to Sangli  The Indian Express nan",pune msrtc partially restore service kolhapur bus sangli indian express nan,sangli_news,neutral,0.0,neutral,-0.1,neutral,2025-11-26 14:42:25.604584
300cr needed for new roads between Kolhapur and Sangli - The Times of India 300cr needed for new roads between Kolhapur and Sangli  The Times of India nan,need new road kolhapur sangli times india nan,sangli_news,neutral,0.0,positive,0.13636363636363635,neutral,2025-11-26 14:42:25.604584
Sangli-Peth four-lane concrete road work to start after Diwali - The Times of India Sangli-Peth four-lane concrete road work to start after Diwali  The Times of India nan,sangli peth lane concrete road work start diwali times india nan,sangli_news,neutral,0.0,positive,0.15000000000000002,neutral,2025-11-26 14:42:25.604584
"3-yr-old, teen among 4 killed as truck hits tractor-trolley in Sangli - The Times of India 3-yr-old, teen among 4 killed as truck hits tractor-trolley in Sangli  The Times of India nan",yr old teen kill truck hit tractor trolley sangli times india nan,sangli_news,negative,-0.875,neutral,-0.1,negative,2025-11-26 14:42:25.604584
Star cricketer Smriti Mandhana postpones wedding indefinitely after father hospitalised in Sangli - The Times of India Star cricketer Smriti Mandhana postpones wedding indefinitely after father hospitalised in Sangli  The Times of India nan,star cricketer smriti mandhana postpone wedding indefinitely father hospitalise sangli times india nan,sangli_news,negative,-0.4939,neutral,0.0,negative,2025-11-26 14:42:25.604584
Draft ward boundaries published for Sangli civic poll - The Times of India Draft ward boundaries published for Sangli civic poll  The Times of India nan,draft ward boundary publish sangli civic poll times india nan,sangli_news,neutral,0.0,neutral,0.0,neutral,2025-11-26 14:42:25.604584
"Sangli Miraj and Kupwad Municipal Corporation Recruitment 2025 - Apply Offline for 82 Staff Nurse, Lab Technician and More Posts by Oct 03 - FreeJobAlert.Com Sangli Miraj and Kupwad Municipal Corporation Recruitment 2025 - Apply Offline for 82 Staff Nurse, Lab Technician and More Posts by Oct 03  FreeJobAlert.Com nan",sangli miraj kupwad municipal corporation recruitment apply offline staff nurse lab technician posts oct freejobalert com nan,sangli_news,negative,-0.25,positive,0.5,negative,2025-11-26 14:42:25.604584
Sangli deputy commissioner booked for demanding ₹7 lakh bribe | Hindustan Times - Hindustan Times Sangli deputy commissioner booked for demanding ₹7 lakh bribe | Hindustan Times  Hindustan Times nan,sangli deputy commissioner book demand lakh bribe hindustan times nan,sangli_news,negative,-0.6597,neutral,0.0,negative,2025-11-26 14:42:25.604584
Sangli’s deputy municipal commissioner in ACB net for seeking Rs 7 lakh to help clear building file - The Times of India Sangli’s deputy municipal commissioner in ACB net for seeking Rs 7 lakh to help clear building file  The Times of India nan,sangli deputy municipal commissioner acb net seek lakh help clear building file times india nan,sangli_news,positive,0.8625,neutral,0.049999999999999996,positive,2025-11-26 14:42:25.604584
"Maharashtra Human Rights Commission Orders Action Against Illegal Slaughterhouses In Sangli, Calls For - Free Press Journal Maharashtra Human Rights Commission Orders Action Against Illegal Slaughterhouses In Sangli, Calls For  Free Press Journal nan",maharashtra human rights commission orders action illegal slaughterhouses sangli call free press journal nan,sangli_news,negative,-0.1531,neutral,0.0,negative,2025-11-26 14:42:25.604584
"Floodwaters recede in Kolhapur and Sangli, highways reopen - The Times of India Floodwaters recede in Kolhapur and Sangli, highways reopen  The Times of India nan",floodwater recede kolhapur sangli highway reopen times india floodwaters nan,sangli_news,neutral,0.0,neutral,0.0,neutral,2025-11-26 14:42:25.604584
"Despite Maratha anger, BJP sweeps Jalgaon, Sangli polls - theweek.in Despite Maratha anger, BJP sweeps Jalgaon, Sangli polls  theweek.in nan",despite maratha anger bjp sweep jalgaon sangli poll nan,sangli_news,positive,0.7181,negative,-0.7,positive,2025-11-26 14:42:25.604584
"Polling begins for Sangli, Jalgaon municipal bodies - Moneycontrol Polling begins for Sangli, Jalgaon municipal bodies  Moneycontrol nan",polling begin sangli jalgaon municipal body moneycontrol nan,sangli_news,neutral,0.0,neutral,0.0,neutral,2025-11-26 14:42:25.604584
This Bureaucrat From Sangli Miraj Kupwad Municipal Corporation Introduces Plantable Visiting Cards For Sustainable Networking - PUNE PULSE This Bureaucrat From Sangli Miraj Kupwad Municipal Corporation Introduces Plantable Visiting Cards For Sustainable Networking  PUNE PULSE nan,bureaucrat sangli miraj kupwad municipal corporation introduce plantable visit cards sustainable networking pune pulse nan,sangli_news,neutral,0.0,neutral,0.0,neutral,2025-11-26 14:42:25.604584
Sangli road junction to be named after ex-IAF pilot who saved former Odisha CM - The Indian Express Sangli road junction to be named after ex-IAF pilot who saved former Odisha CM  The Indian Express nan,sangli road junction name ex iaf pilot save odisha cm indian express nan,sangli_news,positive,0.6808,neutral,0.0,positive,2025-11-26 14:42:25.604584
"Five BJP corporators switch sides, Sangli civic body gets NCP mayor | Mumbai news - Hindustan Times Five BJP corporators switch sides, Sangli civic body gets NCP mayor | Mumbai news  Hindustan Times nan",bjp corporator switch side sangli civic body get ncp mayor mumbai news hindustan times nan,sangli_news,neutral,0.0,neutral,0.0,neutral,2025-11-26 14:42:25.604584
Who Is Wing Commander Prakash Navale? Know All About Ex-IAF Pilot Who Saved JB Patnaik From Mob Fury As Sangli - Free Press Journal Who Is Wing Commander Prakash Navale? Know All About Ex-IAF Pilot Who Saved JB Patnaik From Mob Fury As Sangli  Free Press Journal nan,wing commander prakash navale know ex iaf pilot save jb patnaik mob fury sangli free press journal nan,sangli_news,positive,0.6322,positive,0.4,positive,2025-11-26 14:42:25.604584
"Former mayor of Sangli attempts to end life, under treatment now - The Times of India Former mayor of Sangli attempts to end life, under treatment now  The Times of India nan",mayor sangli attempt end life treatment times india nan,sangli_news,neutral,0.0,neutral,0.0,neutral,2025-11-26 14:42:25.604584
NGT fines Sangli civic body Rs 90 crore - The Times of India NGT fines Sangli civic body Rs 90 crore  The Times of India nan,ngt fine sangli civic body crore times india nan,sangli_news,neutral,0.0,neutral,0.0,neutral,2025-11-26 14:42:25.604584
"Despite majority, BJP loses mayoral election to NCP in Sangli-Miraj-Kupwad civic body - The Indian Express Despite majority, BJP loses mayoral election to NCP in Sangli-Miraj-Kupwad civic body  The Indian Express nan",despite majority bjp lose mayoral election ncp sangli miraj kupwad civic body indian express nan,sangli_news,positive,0.4449,negative,-0.3,positive,2025-11-26 14:42:25.604584
Pimpri-Chinchwad & Sangli waste-to-energy plants under fire: CPCB issues show-cause notices - Pune Mirror Pimpri-Chinchwad & Sangli waste-to-energy plants under fire: CPCB issues show-cause notices  Pune Mirror nan,pimpri chinchwad sangli waste energy plant fire cpcb issue cause notice pune mirror nan,sangli_news,negative,-0.5859,neutral,0.0,negative,2025-11-26 14:42:25.604584
"After Chandgad, NCP-NCP (SP) may go together for civic polls in Pune, Sangli & Beed districts - The Times of India After Chandgad, NCP-NCP (SP) may go together for civic polls in Pune, Sangli & Beed districts  The Times of India nan",chandgad ncp sp civic poll pune sangli beed district times india nan,sangli_news,neutral,0.0,neutral,0.0,neutral,2025-11-26 14:42:25.604584
"Uddhav Thackeray won’t meet Rahul Gandhi in Sangli today, Shiv Sena (UBT) denies he’s upset - The Indian Express Uddhav Thackeray won’t meet Rahul Gandhi in Sangli today, Shiv Sena (UBT) denies he’s upset  The Indian Express nan",uddhav thackeray will meet rahul gandhi sangli today shiv sena ubt deny upset indian express nan,sangli_news,negative,-0.8689,neutral,0.0,negative,2025-11-26 14:42:25.604584
"Prithviraj Chavan says, ‘Congress will approach Uddhav Thackeray over Sangli seat’ - The Indian Express Prithviraj Chavan says, ‘Congress will approach Uddhav Thackeray over Sangli seat’  The Indian Express nan",prithviraj chavan say congress approach uddhav thackeray sangli seat indian express nan,sangli_news,neutral,0.0,neutral,0.0,neutral,2025-11-26 14:42:25.604584
"‘Uddhav Sena did not take us into confidence, but I’ll campaign for MVA candidate’: Vishwajeet Kadam on Sangli seat row - The Indian Express ‘Uddhav Sena did not take us into confidence, but I’ll campaign for MVA candidate’: Vishwajeet Kadam on Sangli seat row  The Indian Express nan",uddhav sena confidence campaign mva candidate vishwajeet kadam sangli seat row indian express nan,sangli_news,positive,0.765,neutral,0.0,positive,2025-11-26 14:42:25.604584
4 ex-MLAs from Sangli district set to join Ajit Pawar-led NCP today - The Times of India 4 ex-MLAs from Sangli district set to join Ajit Pawar-led NCP today  The Times of India nan,ex mla sangli district set join ajit pawar lead ncp today times india nan,sangli_news,positive,0.5267,neutral,0.0,positive,2025-11-26 14:42:25.604584
"As Covid-19 cases rise, Sangli imposes strict six-day lockdown - The Indian Express As Covid-19 cases rise, Sangli imposes strict six-day lockdown  The Indian Express nan",case rise sangli impose strict day lockdown indian express nan,sangli_news,negative,-0.2023,neutral,0.0,negative,2025-11-26 14:42:25.604584
CPCB flags waste-to-energy plants in Moshi & Sangli for non-compliance of norms - The Times of India CPCB flags waste-to-energy plants in Moshi & Sangli for non-compliance of norms  The Times of India nan,cpcb flag waste energy plant moshi sangli non compliance norm times india nan,sangli_news,neutral,0.0,neutral,0.0,neutral,2025-11-26 14:42:25.604584
"Sangli seat row widens rift between Congress, Sena (UBT); Raut issues warning - The Indian Express Sangli seat row widens rift between Congress, Sena (UBT); Raut issues warning  The Indian Express nan",sangli seat row widen rift congress sena ubt raut issue warn indian express nan,sangli_news,negative,-0.5859,neutral,0.0,negative,2025-11-26 14:42:25.604584
"In Sangli, Vishal Patil springs a surprise, files nomination as independent and Congress candidate - The Indian Express In Sangli, Vishal Patil springs a surprise, files nomination as independent and Congress candidate  The Indian Express nan",sangli vishal patil spring surprise file nomination independent congress candidate indian express nan,sangli_news,positive,0.4939,neutral,0.0,positive,2025-11-26 14:42:25.604584
"Lok Sabha polls: Congress proposes ‘friendly fight’ over Sangli seat, Uddhav Sena rejects it outright - The Indian Express Lok Sabha polls: Congress proposes ‘friendly fight’ over Sangli seat, Uddhav Sena rejects it outright  The Indian Express nan",lok sabha poll congress propose friendly fight sangli seat uddhav sena reject outright indian express nan,sangli_news,negative,-0.7506,positive,0.375,negative,2025-11-26 14:42:25.604584
No Sena (UBT) presence in Sangli; I am the right choice if you want to oust BJP: Patil - The Indian Express No Sena (UBT) presence in Sangli; I am the right choice if you want to oust BJP: Patil  The Indian Express nan,sena ubt presence sangli right choice want oust bjp patil indian express nan,sangli_news,negative,-0.4215,positive,0.2857142857142857,negative,2025-11-26 14:42:25.604584
"Vishal Patil revolts, faces expulsion as Sangli gears up for three-cornered contest - The Indian Express Vishal Patil revolts, faces expulsion as Sangli gears up for three-cornered contest  The Indian Express nan",vishal patil revolt face expulsion sangli gear cornered contest indian express nan,sangli_news,neutral,0.0,neutral,0.0,neutral,2025-11-26 14:42:25.604584
"Vishwajeet Kadam shuns campaigning as Shiv Sena (UBT) gets its way in Sangli, Congress to hold urgent meet - The Indian Express Vishwajeet Kadam shuns campaigning as Shiv Sena (UBT) gets its way in Sangli, Congress to hold urgent meet  The Indian Express nan",vishwajeet kadam shun campaign shiv sena ubt get way sangli congress hold urgent meet indian express nan,sangli_news,positive,0.3818,neutral,0.0,positive,2025-11-26 14:42:25.604584
Sangli doc told to pay Rs7.5L for med negligence causing death - The Times of India Sangli doc told to pay Rs7.5L for med negligence causing death  The Times of India nan,sangli doc tell pay med negligence cause death times india nan,sangli_news,negative,-0.8625,neutral,0.0,negative,2025-11-26 14:42:25.604584
Who Is Prithviraj Patil? Former Sangli Congress Leader to Join BJP Tomorrow - Free Press Journal Who Is Prithviraj Patil? Former Sangli Congress Leader to Join BJP Tomorrow  Free Press Journal nan,prithviraj patil sangli congress leader join bjp tomorrow free press journal nan,sangli_news,positive,0.885,positive,0.2,positive,2025-11-26 14:42:25.604584
Army cadet from Sangli dies during cross-country event at training academy in Gaya - The Times of India Army cadet from Sangli dies during cross-country event at training academy in Gaya  The Times of India nan,army cadet sangli die cross country event training academy gaya times india nan,sangli_news,neutral,0.0,neutral,0.0,neutral,2025-11-26 14:42:25.604584
BMC workers clear 700 mega tonnes of garbage in Sangli - The Hindu BMC workers clear 700 mega tonnes of garbage in Sangli  The Hindu nan,bmc worker clear mega tonne garbage sangli hindu nan,sangli_news,positive,0.6369,neutral,0.09999999999999999,positive,2025-11-26 14:42:25.604584
"Unseasonal rain in Kolhapur, Sangli & Satara; woman killed in lightning strike while getting chappals fro - The Times of India Unseasonal rain in Kolhapur, Sangli & Satara; woman killed in lightning strike while getting chappals fro  The Times of India nan",unseasonal rain kolhapur sangli satara woman kill lightning strike get chappal fro times india nan,sangli_news,negative,-0.9001,negative,-0.2,negative,2025-11-26 14:42:25.604584
Rivers of filth flow into the Krishna at Sangli - The New Indian Express Rivers of filth flow into the Krishna at Sangli  The New Indian Express nan,river filth flow krishna sangli new indian express rivers nan,sangli_news,neutral,0.0,positive,0.13636363636363635,neutral,2025-11-26 14:42:25.604584
"Sangli guardian minister Chandrakant Patil calls upon former BJP MP Sanjaykaka Patil, urges him to return - The Times of India Sangli guardian minister Chandrakant Patil calls upon former BJP MP Sanjaykaka Patil, urges him to return  The Times of India nan",sangli guardian minister chandrakant patil call bjp mp sanjaykaka urge return times india nan,sangli_news,neutral,0.0,neutral,0.0,neutral,2025-11-26 14:42:25.604584
"Pune: River levels rise as more water discharged from Koyna dam, Kolhapur and Sangli on alert - The Indian Express Pune: River levels rise as more water discharged from Koyna dam, Kolhapur and Sangli on alert  The Indian Express nan",pune river level rise water discharge koyna dam kolhapur sangli alert indian express nan,sangli_news,positive,0.5267,positive,0.5,positive,2025-11-26 14:42:25.604584
"Political battle heats up in Kolhapur, Sangli, Satara, Solapur as nominations open for local body polls - The Times of India Political battle heats up in Kolhapur, Sangli, Satara, Solapur as nominations open for local body polls  The Times of India nan",political battle heat kolhapur sangli satara solapur nomination open local body poll times india nan,sangli_news,negative,-0.6369,neutral,0.0,negative,2025-11-26 14:42:25.604584
10ft crocodile rescued from Shirala in Sangli - The Times of India 10ft crocodile rescued from Shirala in Sangli  The Times of India nan,ft crocodile rescue shirala sangli times india nan,sangli_news,positive,0.6808,neutral,0.0,positive,2025-11-26 14:42:25.604584
"Samant vows large MIDC near Satara, sub-centre of turmeric research in Sangli - The Times of India Samant vows large MIDC near Satara, sub-centre of turmeric research in Sangli  The Times of India nan",samant vow large midc near satara sub centre turmeric research sangli times india nan,sangli_news,neutral,0.0,positive,0.15714285714285714,neutral,2025-11-26 14:42:25.604584
Fancy fireworks light up Sangli villages for 12 hrs - The Times of India Fancy fireworks light up Sangli villages for 12 hrs  The Times of India nan,fancy firework light sangli village hrs times india nan,sangli_news,neutral,0.0,positive,0.4,neutral,2025-11-26 14:42:25.604584
"Rs 1,130cr okayed for new roads between Kolhapur & Sangli - ET Infra Rs 1,130cr okayed for new roads between Kolhapur & Sangli  ET Infra nan",okay new road kolhapur sangli et infra nan,sangli_news,neutral,0.0,positive,0.13636363636363635,neutral,2025-11-26 14:42:25.604584
Rs 500-crore tender soon to mitigate floods in Sangli & Kolhapur districts: Kshirsagar - The Times of India Rs 500-crore tender soon to mitigate floods in Sangli & Kolhapur districts: Kshirsagar  The Times of India nan,crore tender soon mitigate flood sangli kolhapur district kshirsagar times india rs nan,sangli_news,neutral,0.0,neutral,0.0,neutral,2025-11-26 14:42:25.604584
963cr granted for flood-control measures in Kolhapur & Sangli - The Times of India 963cr granted for flood-control measures in Kolhapur & Sangli  The Times of India nan,grant flood control measure kolhapur sangli times india nan,sangli_news,positive,0.4588,neutral,0.0,positive,2025-11-26 14:42:25.604584
Maharashtra floods: Citizens come to rescue in Sangli as government delays - TwoCircles.net Maharashtra floods: Citizens come to rescue in Sangli as government delays  TwoCircles.net nan,maharashtra flood citizen come rescue sangli government delay nan,sangli_news,positive,0.765,neutral,0.0,positive,2025-11-26 14:42:25.604584
"Ex-Sangli MP Pratik Patil takes a U-turn, quits Congress - The Hindu Ex-Sangli MP Pratik Patil takes a U-turn, quits Congress  The Hindu nan",ex sangli mp pratik patil take turn quit congress hindu nan,sangli_news,neutral,0.0,neutral,0.0,neutral,2025-11-26 14:42:25.604584
"Parts of Kolhapur, Sangli & Satara dists get light rainfall on Saturday - The Times of India Parts of Kolhapur, Sangli & Satara dists get light rainfall on Saturday  The Times of India nan",parts kolhapur sangli satara dist light rainfall saturday times india nan,sangli_news,neutral,0.0,positive,0.4,neutral,2025-11-26 14:42:25.604584
"Bharat Bandh Today Live Updates: ASHA Workers, Labourers Hold Protest March In Maharashtra's Sangli - Times Now Bharat Bandh Today Live Updates: ASHA Workers, Labourers Hold Protest March In Maharashtra's Sangli  Times Now nan",bharat bandh today live update asha worker labourers hold protest march maharashtra sangli times nan,sangli_news,negative,-0.4588,positive,0.13636363636363635,negative,2025-11-26 14:42:25.604584
"Union Minister for Road Transport and Highways dedicates to the nation two Highway Projects worth ₹ 2,334 Cr in Sangli, Maharashtra - pib.gov.in Union Minister for Road Transport and Highways dedicates to the nation two Highway Projects worth ₹ 2,334 Cr in Sangli, Maharashtra  pib.gov.in nan",union minister road transport highways dedicate nation highway projects worth cr sangli maharashtra nan,sangli_news,positive,0.4215,positive,0.3,positive,2025-11-26 14:42:25.604584
Two killed as bus from Sangli overturns in Karnataka - The Hindu Two killed as bus from Sangli overturns in Karnataka  The Hindu nan,kill bus sangli overturn karnataka hindu nan,sangli_news,negative,-0.875,negative,-0.2,negative,2025-11-26 14:42:25.604584
Meeting held to review proposed airport at Kavalapur in Sangli dist - The Times of India Meeting held to review proposed airport at Kavalapur in Sangli dist  The Times of India nan,meeting hold review propose airport kavalapur sangli dist times india nan,sangli_news,neutral,0.0,neutral,0.0,neutral,2025-11-26 14:42:25.604584
"Hyatt Plans New Hyatt Place Hotel in Kolhapur Sangli, India - Hotel News Resource Hyatt Plans New Hyatt Place Hotel in Kolhapur Sangli, India  Hotel News Resource nan",hyatt plan new place hotel kolhapur sangli india news resource nan,sangli_news,neutral,0.0,positive,0.13636363636363635,neutral,2025-11-26 14:42:25.604584
Islampur in Sangli District of Maharashtra Renames as Ishwarpur - lokmattimes.com Islampur in Sangli District of Maharashtra Renames as Ishwarpur  lokmattimes.com nan,islampur sangli district maharashtra renames ishwarpur nan,sangli_news,neutral,0.0,neutral,0.0,neutral,2025-11-26 14:42:25.604584
"Maharashtra Politics: BJP Invites Sangli MP Vishal Patil To Join Party, But He Declines, Calls For Unity In - Free Press Journal Maharashtra Politics: BJP Invites Sangli MP Vishal Patil To Join Party, But He Declines, Calls For Unity In  Free Press Journal nan",maharashtra politics bjp invite sangli mp vishal patil join party decline call unity free press journal nan,sangli_news,positive,0.9565,positive,0.4,positive,2025-11-26 14:42:25.604584
Sangli Crime: Youth Murdered by Friends After Resisting Sexual Assault Attempt - lokmattimes.com Sangli Crime: Youth Murdered by Friends After Resisting Sexual Assault Attempt  lokmattimes.com nan,sangli crime youth murder friend resisting sexual assault attempt nan,sangli_news,negative,-0.9595,positive,0.5,negative,2025-11-26 14:42:25.604584
Sangli civic body checks feasibility of rowing track - The Times of India Sangli civic body checks feasibility of rowing track  The Times of India nan,sangli civic body check feasibility row track times india nan,sangli_news,neutral,0.0,neutral,0.0,neutral,2025-11-26 14:42:25.604584
"Maharashtra Road Accident: Tractor Skids Off Road in Muchandi, Killing Two Youths and Injuring Another in Sangli - lokmattimes.com Maharashtra Road Accident: Tractor Skids Off Road in Muchandi, Killing Two Youths and Injuring Another in Sangli  lokmattimes.com nan",maharashtra road accident tractor skid muchandi kill youths injure sangli nan,sangli_news,negative,-0.9432,neutral,0.0,negative,2025-11-26 14:42:25.604584
"Kolhapur, Sangli MLAs oppose K’taka plan to increase Almatti height - The Times of India Kolhapur, Sangli MLAs oppose K’taka plan to increase Almatti height  The Times of India nan",kolhapur sangli mla oppose plan increase almatti height times india nan,sangli_news,positive,0.5574,neutral,0.0,positive,2025-11-26 14:42:25.604584
Sangli needs better traffic management at Market Yard. Rush hour is becoming impossible! #SangliTraffic #CivicIssues,sangli need well traffic management market yard rush hour impossible sanglitraffic civicissues,sangli_twitter,positive,0.4926,neutral,0.038888888888888896,positive,2025-11-26 14:42:25.604584
Water supply issues in Ganpati Peth Sangli for the 3rd day. When will Municipal Corporation fix this? #SangliWater #CivicIssues,water supply issue ganpati peth sangli day municipal corporation fix sangliwater civicissues,sangli_twitter,neutral,0.0,neutral,0.0,neutral,2025-11-26 14:42:25.604584
Garbage collection delayed in Station Road area of Sangli. Streets getting dirty. @SangliMunicipal please help #SangliClean,garbage collection delay station road area sangli street get dirty help sangliclean,sangli_twitter,positive,0.0516,negative,-0.6,positive,2025-11-26 14:42:25.604584
"Great to see new road construction in Ganpati Peth, Sangli! Thanks to municipal corporation! #SangliDevelopment #Infrastructure",great new road construction ganpati peth sangli thank municipal corporation sanglidevelopment infrastructure,sangli_twitter,positive,0.8217,positive,0.4068181818181818,positive,2025-11-26 14:42:25.604584
Street lights not working in Sangli Hospital Sangli since last week. Safety concern for residents #SangliStreetLights #Safety,street light work sangli hospital week safety concern resident sanglistreetlights,sangli_twitter,positive,0.6808,neutral,0.0,positive,2025-11-26 14:42:25.604584
"Pothole on Vishrambag Road, Sangli needs immediate attention. Vehicle damage risk! #SangliRoads #RoadMaintenance",pothole vishrambag road sangli need immediate attention vehicle damage risk sangliroads roadmaintenance,sangli_twitter,negative,-0.68,neutral,0.0,negative,2025-11-26 14:42:25.604584
"Appreciate the cleanliness drive in Ganpati Peth, Sangli. Keep it up! #SwachhSangli #CleanSangli",appreciate cleanliness drive ganpati peth sangli swachhsangli cleansangli,sangli_twitter,positive,0.4574,neutral,0.0,positive,2025-11-26 14:42:25.604584
Bus service frequency should increase on Sangli-Station Road. Long waiting times #SangliTransport #PublicBus,bus service frequency increase sangli station road long wait time sanglitransport publicbus,sangli_twitter,positive,0.3182,neutral,-0.05,positive,2025-11-26 14:42:25.604584
"Park maintenance in Sangli Railway Station, Sangli is excellent. Good job municipal team! #SangliParks #GreenSangli",park maintenance sangli railway station excellent good job municipal team sangliparks greensangli,sangli_twitter,positive,0.784,positive,0.9375,positive,2025-11-26 14:42:25.604584
"Drainage system in Sangam Bridge, Sangli needs upgrade before monsoon #SangliDrainage #Monsoon2024",drainage system sangam bridge sangli need upgrade monsoon sanglidrainage,sangli_twitter,neutral,0.0,neutral,0.0,neutral,2025-11-26 14:42:25.604584
Sangli Municipal Corporation should improve waste management in Miraj-Sangli Road #SangliWaste #MunicipalServices,sangli municipal corporation improve waste management miraj road sangliwaste municipalservices,sangli_twitter,neutral,0.0258,negative,-0.2,neutral,2025-11-26 14:42:25.604584
"Traffic signals at Ganpati Peth, Sangli need proper timing adjustment #SangliTrafficSignals #RoadSafety",traffic signal ganpati peth sangli need proper timing adjustment sanglitrafficsignal roadsafety,sangli_twitter,neutral,0.0,neutral,0.0,neutral,2025-11-26 14:42:25.604584
Water quality in Ganpati Peth Sangli has improved! Good work by authorities #SangliWaterQuality #GoodGovernance,water quality ganpati peth sangli improve good work authority sangliwaterquality goodgovernance,sangli_twitter,positive,0.7424,positive,0.7,positive,2025-11-26 14:42:25.604584
Request Sangli MC to install more dustbins in Ganpati Peth market area #SangliCleanliness #PublicFacilities,request sangli mc install dustbin ganpati peth market area sanglicleanliness publicfacilities,sangli_twitter,neutral,0.0,positive,0.5,neutral,2025-11-26 14:42:25.604584
"Appreciate quick pothole repair work done in Miraj-Sangli Road, Sangli! Responsive governance #SangliRoadRepair #ThankYou",appreciate quick pothole repair work miraj sangli road responsive governance sangliroadrepair thankyou,sangli_twitter,positive,0.6696,positive,0.41666666666666663,positive,2025-11-26 14:42:25.604584
Sangli needs better parking facilities near Sangli Bus Stand. Traffic congestion increasing #SangliParking #UrbanPlanning,sangli need well parking facility near bus stand traffic congestion increase sangliparking urbanplanning,sangli_twitter,positive,0.4404,positive,0.3,positive,2025-11-26 14:42:25.604584
Sangli Hospital in Sangli requires street vendor regulation for smooth traffic flow #SangliTraffic #StreetVendors,sangli hospital require street vendor regulation smooth traffic flow sanglitraffic streetvendors,sangli_twitter,neutral,0.0,positive,0.4,neutral,2025-11-26 14:42:25.604584
Excellent work by Sangli fire brigade during recent emergency in Sangli Hospital! #SangliFireBrigade #EmergencyServices,excellent work sangli fire brigade recent emergency hospital sanglifirebrigade emergencyservices,sangli_twitter,negative,-0.1511,positive,0.5,negative,2025-11-26 14:42:25.604584
Sangli hospital services in Sangli Hospital need improvement. Healthcare is priority #SangliHealthcare #PublicHealth,sangli hospital service need improvement healthcare priority sanglihealthcare publichealth,sangli_twitter,positive,0.4588,neutral,0.0,positive,2025-11-26 14:42:25.604584
"Happy to see solar street lights installed in Sangam Bridge, Sangli. Great initiative! #SangliSolar #GreenEnergy",happy solar street light instal sangam bridge sangli great initiative sanglisolar greenenergy,sangli_twitter,positive,0.8439,positive,0.9,positive,2025-11-26 14:42:25.604584
Sangli needs better traffic management at Sangli Court. Rush hour is becoming impossible! #SangliTraffic #CivicIssues,sangli need well traffic management court rush hour impossible sanglitraffic civicissues,sangli_twitter,positive,0.4926,neutral,0.038888888888888896,positive,2025-11-26 14:42:25.604584
Water supply issues in Sangli Hospital Sangli for the 3rd day. When will Municipal Corporation fix this? #SangliWater #CivicIssues,water supply issue sangli hospital day municipal corporation fix sangliwater civicissues,sangli_twitter,neutral,0.0,neutral,0.0,neutral,2025-11-26 14:42:25.604584
Garbage collection delayed in Sangli Court area of Sangli. Streets getting dirty. @SangliMunicipal please help #SangliClean,garbage collection delay sangli court area street get dirty help sangliclean,sangli_twitter,positive,0.0516,negative,-0.6,positive,2025-11-26 14:42:25.604584
"Great to see new road construction in Vishrambag, Sangli! Thanks to municipal corporation! #SangliDevelopment #Infrastructure",great new road construction vishrambag sangli thank municipal corporation sanglidevelopment infrastructure,sangli_twitter,positive,0.8217,positive,0.4068181818181818,positive,2025-11-26 14:42:25.604584
Street lights not working in Station Road Sangli since last week. Safety concern for residents #SangliStreetLights #Safety,street light work station road sangli week safety concern resident sanglistreetlights,sangli_twitter,positive,0.6808,neutral,0.0,positive,2025-11-26 14:42:25.604584
"Pothole on Station Road Road, Sangli needs immediate attention. Vehicle damage risk! #SangliRoads #RoadMaintenance",pothole station road sangli need immediate attention vehicle damage risk sangliroads roadmaintenance,sangli_twitter,negative,-0.68,neutral,0.0,negative,2025-11-26 14:42:25.604584
"Appreciate the cleanliness drive in Sangli Railway Station, Sangli. Keep it up! #SwachhSangli #CleanSangli",appreciate cleanliness drive sangli railway station swachhsangli cleansangli,sangli_twitter,positive,0.4574,neutral,0.0,positive,2025-11-26 14:42:25.604584
Bus service frequency should increase on Sangli-Sangli Hospital. Long waiting times #SangliTransport #PublicBus,bus service frequency increase sangli hospital long wait time sanglitransport publicbus,sangli_twitter,positive,0.3182,neutral,-0.05,positive,2025-11-26 14:42:25.604584
"Park maintenance in Sangli Bus Stand, Sangli is excellent. Good job municipal team! #SangliParks #GreenSangli",park maintenance sangli bus stand excellent good job municipal team sangliparks greensangli,sangli_twitter,positive,0.784,positive,0.9375,positive,2025-11-26 14:42:25.604584
"Drainage system in Sangli Court, Sangli needs upgrade before monsoon #SangliDrainage #Monsoon2024",drainage system sangli court need upgrade monsoon sanglidrainage,sangli_twitter,neutral,0.0,neutral,0.0,neutral,2025-11-26 14:42:25.604584
Sangli Municipal Corporation should improve waste management in Market Yard #SangliWaste #MunicipalServices,sangli municipal corporation improve waste management market yard sangliwaste municipalservices,sangli_twitter,neutral,0.0258,negative,-0.2,neutral,2025-11-26 14:42:25.604584
"Traffic signals at Sangli Bus Stand, Sangli need proper timing adjustment #SangliTrafficSignals #RoadSafety",traffic signal sangli bus stand need proper timing adjustment sanglitrafficsignal roadsafety,sangli_twitter,neutral,0.0,neutral,0.0,neutral,2025-11-26 14:42:25.604584
Water quality in Sharad Nagar Sangli has improved! Good work by authorities #SangliWaterQuality #GoodGovernance,water quality sharad nagar sangli improve good work authority sangliwaterquality goodgovernance,sangli_twitter,positive,0.7424,positive,0.7,positive,2025-11-26 14:42:25.604584
Request Sangli MC to install more dustbins in Sangam Bridge market area #SangliCleanliness #PublicFacilities,request sangli mc install dustbin sangam bridge market area sanglicleanliness publicfacilities,sangli_twitter,neutral,0.0,positive,0.5,neutral,2025-11-26 14:42:25.604584
"Appreciate quick pothole repair work done in Sangli Railway Station, Sangli! Responsive governance #SangliRoadRepair #ThankYou",appreciate quick pothole repair work sangli railway station responsive governance sangliroadrepair thankyou,sangli_twitter,positive,0.6696,positive,0.41666666666666663,positive,2025-11-26 14:42:25.604584
Sangli needs better parking facilities near Ganpati Peth. Traffic congestion increasing #SangliParking #UrbanPlanning,sangli need well parking facility near ganpati peth traffic congestion increase sangliparking urbanplanning,sangli_twitter,positive,0.4404,positive,0.3,positive,2025-11-26 14:42:25.604584
Sangli Railway Station in Sangli requires street vendor regulation for smooth traffic flow #SangliTraffic #StreetVendors,sangli railway station require street vendor regulation smooth traffic flow sanglitraffic streetvendors,sangli_twitter,neutral,0.0,positive,0.4,neutral,2025-11-26 14:42:25.604584
Excellent work by Sangli fire brigade during recent emergency in Vishrambag! #SangliFireBrigade #EmergencyServices,excellent work sangli fire brigade recent emergency vishrambag sanglifirebrigade emergencyservices,sangli_twitter,negative,-0.1511,positive,0.5,negative,2025-11-26 14:42:25.604584
Sangli hospital services in Sangli Railway Station need improvement. Healthcare is priority #SangliHealthcare #PublicHealth,sangli hospital service railway station need improvement healthcare priority sanglihealthcare publichealth,sangli_twitter,positive,0.4588,neutral,0.0,positive,2025-11-26 14:42:25.604584
"Happy to see solar street lights installed in Miraj Road, Sangli. Great initiative! #SangliSolar #GreenEnergy",happy solar street light instal miraj road sangli great initiative sanglisolar greenenergy,sangli_twitter,positive,0.8439,positive,0.9,positive,2025-11-26 14:42:25.604584
Sangli needs better traffic management at Miraj Road. Rush hour is becoming impossible! #SangliTraffic #CivicIssues,sangli need well traffic management miraj road rush hour impossible sanglitraffic civicissues,sangli_twitter,positive,0.4926,neutral,0.038888888888888896,positive,2025-11-26 14:42:25.604584
Water supply issues in Bharat Nagar Sangli for the 3rd day. When will Municipal Corporation fix this? #SangliWater #CivicIssues,water supply issue bharat nagar sangli day municipal corporation fix sangliwater civicissues,sangli_twitter,neutral,0.0,neutral,0.0,neutral,2025-11-26 14:42:25.604584
Garbage collection delayed in Sangam Bridge area of Sangli. Streets getting dirty. @SangliMunicipal please help #SangliClean,garbage collection delay sangam bridge area sangli street get dirty help sangliclean,sangli_twitter,positive,0.0516,negative,-0.6,positive,2025-11-26 14:42:25.604584
"Great to see new road construction in Sangli Court, Sangli! Thanks to municipal corporation! #SangliDevelopment #Infrastructure",great new road construction sangli court thank municipal corporation sanglidevelopment infrastructure,sangli_twitter,positive,0.8217,positive,0.4068181818181818,positive,2025-11-26 14:42:25.604584
Street lights not working in Miraj Road Sangli since last week. Safety concern for residents #SangliStreetLights #Safety,street light work miraj road sangli week safety concern resident sanglistreetlights,sangli_twitter,positive,0.6808,neutral,0.0,positive,2025-11-26 14:42:25.604584
"Pothole on Sangli Hospital Road, Sangli needs immediate attention. Vehicle damage risk! #SangliRoads #RoadMaintenance",pothole sangli hospital road need immediate attention vehicle damage risk sangliroads roadmaintenance,sangli_twitter,negative,-0.68,neutral,0.0,negative,2025-11-26 14:42:25.604584
"Appreciate the cleanliness drive in Sharad Nagar, Sangli. Keep it up! #SwachhSangli #CleanSangli",appreciate cleanliness drive sharad nagar sangli swachhsangli cleansangli,sangli_twitter,positive,0.4574,neutral,0.0,positive,2025-11-26 14:42:25.604584
Bus service frequency should increase on Sangli-Market Yard. Long waiting times #SangliTransport #PublicBus,bus service frequency increase sangli market yard long wait time sanglitransport publicbus,sangli_twitter,positive,0.3182,neutral,-0.05,positive,2025-11-26 14:42:25.604584
"Park maintenance in Sangli Bus Stand, Sangli is excellent. Good job municipal team! #SangliParks #GreenSangli",park maintenance sangli bus stand excellent good job municipal team sangliparks greensangli,sangli_twitter,positive,0.784,positive,0.9375,positive,2025-11-26 14:42:25.604584
"Drainage system in Sangam Bridge, Sangli needs upgrade before monsoon #SangliDrainage #Monsoon2024",drainage system sangam bridge sangli need upgrade monsoon sanglidrainage,sangli_twitter,neutral,0.0,neutral,0.0,neutral,2025-11-26 14:42:25.604584
Sangli Municipal Corporation should improve waste management in Sharad Nagar #SangliWaste #MunicipalServices,sangli municipal corporation improve waste management sharad nagar sangliwaste municipalservices,sangli_twitter,neutral,0.0258,negative,-0.2,neutral,2025-11-26 14:42:25.604584
"Traffic signals at Bharat Nagar, Sangli need proper timing adjustment #SangliTrafficSignals #RoadSafety",traffic signal bharat nagar sangli need proper timing adjustment sanglitrafficsignal roadsafety,sangli_twitter,neutral,0.0,neutral,0.0,neutral,2025-11-26 14:42:25.604584
Water quality in Sangam Bridge Sangli has improved! Good work by authorities #SangliWaterQuality #GoodGovernance,water quality sangam bridge sangli improve good work authority sangliwaterquality goodgovernance,sangli_twitter,positive,0.7424,positive,0.7,positive,2025-11-26 14:42:25.604584
Request Sangli MC to install more dustbins in Collector Office market area #SangliCleanliness #PublicFacilities,request sangli mc install dustbin collector office market area sanglicleanliness publicfacilities,sangli_twitter,neutral,0.0,positive,0.5,neutral,2025-11-26 14:42:25.604584
"Appreciate quick pothole repair work done in Ganpati Peth, Sangli! Responsive governance #SangliRoadRepair #ThankYou",appreciate quick pothole repair work ganpati peth sangli responsive governance sangliroadrepair thankyou,sangli_twitter,positive,0.6696,positive,0.41666666666666663,positive,2025-11-26 14:42:25.604584
Sangli needs better parking facilities near Market Yard. Traffic congestion increasing #SangliParking #UrbanPlanning,sangli need well parking facility near market yard traffic congestion increase sangliparking urbanplanning,sangli_twitter,positive,0.4404,positive,0.3,positive,2025-11-26 14:42:25.604584
Bharat Nagar in Sangli requires street vendor regulation for smooth traffic flow #SangliTraffic #StreetVendors,bharat nagar sangli require street vendor regulation smooth traffic flow sanglitraffic streetvendors,sangli_twitter,neutral,0.0,positive,0.4,neutral,2025-11-26 14:42:25.604584
Excellent work by Sangli fire brigade during recent emergency in Collector Office! #SangliFireBrigade #EmergencyServices,excellent work sangli fire brigade recent emergency collector office sanglifirebrigade emergencyservices,sangli_twitter,negative,-0.1511,positive,0.5,negative,2025-11-26 14:42:25.604584
Sangli hospital services in Sangli Bus Stand need improvement. Healthcare is priority #SangliHealthcare #PublicHealth,sangli hospital service bus stand need improvement healthcare priority sanglihealthcare publichealth,sangli_twitter,positive,0.4588,neutral,0.0,positive,2025-11-26 14:42:25.604584
"Happy to see solar street lights installed in Vishrambag, Sangli. Great initiative! #SangliSolar #GreenEnergy",happy solar street light instal vishrambag sangli great initiative sanglisolar greenenergy,sangli_twitter,positive,0.8439,positive,0.9,positive,2025-11-26 14:42:25.604584
Sangli needs better traffic management at Sangli Railway Station. Rush hour is becoming impossible! #SangliTraffic #CivicIssues,sangli need well traffic management railway station rush hour impossible sanglitraffic civicissues,sangli_twitter,positive,0.4926,neutral,0.038888888888888896,positive,2025-11-26 14:42:25.604584
Water supply issues in Sangli Bus Stand Sangli for the 3rd day. When will Municipal Corporation fix this? #SangliWater #CivicIssues,water supply issue sangli bus stand day municipal corporation fix sangliwater civicissues,sangli_twitter,neutral,0.0,neutral,0.0,neutral,2025-11-26 14:42:25.604584
Garbage collection delayed in Bharat Nagar area of Sangli. Streets getting dirty. @SangliMunicipal please help #SangliClean,garbage collection delay bharat nagar area sangli street get dirty help sangliclean,sangli_twitter,positive,0.0516,negative,-0.6,positive,2025-11-26 14:42:25.604584
"Great to see new road construction in Miraj-Sangli Road, Sangli! Thanks to municipal corporation! #SangliDevelopment #Infrastructure",great new road construction miraj sangli thank municipal corporation sanglidevelopment infrastructure,sangli_twitter,positive,0.8217,positive,0.4068181818181818,positive,2025-11-26 14:42:25.604584
Street lights not working in Station Road Sangli since last week. Safety concern for residents #SangliStreetLights #Safety,street light work station road sangli week safety concern resident sanglistreetlights,sangli_twitter,positive,0.6808,neutral,0.0,positive,2025-11-26 14:42:25.604584
"Pothole on Miraj Road Road, Sangli needs immediate attention. Vehicle damage risk! #SangliRoads #RoadMaintenance",pothole miraj road sangli need immediate attention vehicle damage risk sangliroads roadmaintenance,sangli_twitter,negative,-0.68,neutral,0.0,negative,2025-11-26 14:42:25.604584
"Appreciate the cleanliness drive in Sangli Hospital, Sangli. Keep it up! #SwachhSangli #CleanSangli",appreciate cleanliness drive sangli hospital swachhsangli cleansangli,sangli_twitter,positive,0.4574,neutral,0.0,positive,2025-11-26 14:42:25.604584
Bus service frequency should increase on Sangli-Sangli Bus Stand. Long waiting times #SangliTransport #PublicBus,bus service frequency increase sangli stand long wait time sanglitransport publicbus,sangli_twitter,positive,0.3182,neutral,-0.05,positive,2025-11-26 14:42:25.604584
"Park maintenance in Ganpati Peth, Sangli is excellent. Good job municipal team! #SangliParks #GreenSangli",park maintenance ganpati peth sangli excellent good job municipal team sangliparks greensangli,sangli_twitter,positive,0.784,positive,0.9375,positive,2025-11-26 14:42:25.604584
"Drainage system in Market Yard, Sangli needs upgrade before monsoon #SangliDrainage #Monsoon2024",drainage system market yard sangli need upgrade monsoon sanglidrainage,sangli_twitter,neutral,0.0,neutral,0.0,neutral,2025-11-26 14:42:25.604584
Sangli Municipal Corporation should improve waste management in Station Road #SangliWaste #MunicipalServices,sangli municipal corporation improve waste management station road sangliwaste municipalservices,sangli_twitter,neutral,0.0258,negative,-0.2,neutral,2025-11-26 14:42:25.604584
"Traffic signals at Collector Office, Sangli need proper timing adjustment #SangliTrafficSignals #RoadSafety",traffic signal collector office sangli need proper timing adjustment sanglitrafficsignal roadsafety,sangli_twitter,neutral,0.0,neutral,0.0,neutral,2025-11-26 14:42:25.604584
Water quality in Sangli Railway Station Sangli has improved! Good work by authorities #SangliWaterQuality #GoodGovernance,water quality sangli railway station improve good work authority sangliwaterquality goodgovernance,sangli_twitter,positive,0.7424,positive,0.7,positive,2025-11-26 14:42:25.604584
Request Sangli MC to install more dustbins in Sangli Court market area #SangliCleanliness #PublicFacilities,request sangli mc install dustbin court market area sanglicleanliness publicfacilities,sangli_twitter,neutral,0.0,positive,0.5,neutral,2025-11-26 14:42:25.604584
"Appreciate quick pothole repair work done in Miraj-Sangli Road, Sangli! Responsive governance #SangliRoadRepair #ThankYou",appreciate quick pothole repair work miraj sangli road responsive governance sangliroadrepair thankyou,sangli_twitter,positive,0.6696,positive,0.41666666666666663,positive,2025-11-26 14:42:25.604584
Sangli needs better parking facilities near Vishrambag. Traffic congestion increasing #SangliParking #UrbanPlanning,sangli need well parking facility near vishrambag traffic congestion increase sangliparking urbanplanning,sangli_twitter,positive,0.4404,positive,0.3,positive,2025-11-26 14:42:25.604584
Sangli Railway Station in Sangli requires street vendor regulation for smooth traffic flow #SangliTraffic #StreetVendors,sangli railway station require street vendor regulation smooth traffic flow sanglitraffic streetvendors,sangli_twitter,neutral,0.0,positive,0.4,neutral,2025-11-26 14:42:25.604584
Excellent work by Sangli fire brigade during recent emergency in Miraj-Sangli Road! #SangliFireBrigade #EmergencyServices,excellent work sangli fire brigade recent emergency miraj road sanglifirebrigade emergencyservices,sangli_twitter,negative,-0.1511,positive,0.5,negative,2025-11-26 14:42:25.604584
Sangli hospital services in Sangli Hospital need improvement. Healthcare is priority #SangliHealthcare #PublicHealth,sangli hospital service need improvement healthcare priority sanglihealthcare publichealth,sangli_twitter,positive,0.4588,neutral,0.0,positive,2025-11-26 14:42:25.604584
"Happy to see solar street lights installed in Sangli Hospital, Sangli. Great initiative! #SangliSolar #GreenEnergy",happy solar street light instal sangli hospital great initiative sanglisolar greenenergy,sangli_twitter,positive,0.8439,positive,0.9,positive,2025-11-26 14:42:25.604584
Sangli needs better traffic management at Vishrambag. Rush hour is becoming impossible! #SangliTraffic #CivicIssues,sangli need well traffic management vishrambag rush hour impossible sanglitraffic civicissues,sangli_twitter,positive,0.4926,neutral,0.038888888888888896,positive,2025-11-26 14:42:25.604584
Water supply issues in Sangli Bus Stand Sangli for the 3rd day. When will Municipal Corporation fix this? #SangliWater #CivicIssues,water supply issue sangli bus stand day municipal corporation fix sangliwater civicissues,sangli_twitter,neutral,0.0,neutral,0.0,neutral,2025-11-26 14:42:25.604584
Garbage collection delayed in Miraj Road area of Sangli. Streets getting dirty. @SangliMunicipal please help #SangliClean,garbage collection delay miraj road area sangli street get dirty help sangliclean,sangli_twitter,positive,0.0516,negative,-0.6,positive,2025-11-26 14:42:25.604584
"Great to see new road construction in Collector Office, Sangli! Thanks to municipal corporation! #SangliDevelopment #Infrastructure",great new road construction collector office sangli thank municipal corporation sanglidevelopment infrastructure,sangli_twitter,positive,0.8217,positive,0.4068181818181818,positive,2025-11-26 14:42:25.604584
Street lights not working in Sangli Railway Station Sangli since last week. Safety concern for residents #SangliStreetLights #Safety,street light work sangli railway station week safety concern resident sanglistreetlights,sangli_twitter,positive,0.6808,neutral,0.0,positive,2025-11-26 14:42:25.604584
"Pothole on Station Road Road, Sangli needs immediate attention. Vehicle damage risk! #SangliRoads #RoadMaintenance",pothole station road sangli need immediate attention vehicle damage risk sangliroads roadmaintenance,sangli_twitter,negative,-0.68,neutral,0.0,negative,2025-11-26 14:42:25.604584
"Appreciate the cleanliness drive in Bharat Nagar, Sangli. Keep it up! #SwachhSangli #CleanSangli",appreciate cleanliness drive bharat nagar sangli swachhsangli cleansangli,sangli_twitter,positive,0.4574,neutral,0.0,positive,2025-11-26 14:42:25.604584
Bus service frequency should increase on Sangli-Vishrambag. Long waiting times #SangliTransport #PublicBus,bus service frequency increase sangli vishrambag long wait time sanglitransport publicbus,sangli_twitter,positive,0.3182,neutral,-0.05,positive,2025-11-26 14:42:25.604584
"Park maintenance in Miraj-Sangli Road, Sangli is excellent. Good job municipal team! #SangliParks #GreenSangli",park maintenance miraj sangli road excellent good job municipal team sangliparks greensangli,sangli_twitter,positive,0.784,positive,0.9375,positive,2025-11-26 14:42:25.604584
"Drainage system in Sangli Railway Station, Sangli needs upgrade before monsoon #SangliDrainage #Monsoon2024",drainage system sangli railway station need upgrade monsoon sanglidrainage,sangli_twitter,neutral,0.0,neutral,0.0,neutral,2025-11-26 14:42:25.604584
Sangli Municipal Corporation should improve waste management in Miraj-Sangli Road #SangliWaste #MunicipalServices,sangli municipal corporation improve waste management miraj road sangliwaste municipalservices,sangli_twitter,neutral,0.0258,negative,-0.2,neutral,2025-11-26 14:42:25.604584
"Traffic signals at Miraj-Sangli Road, Sangli need proper timing adjustment #SangliTrafficSignals #RoadSafety",traffic signal miraj sangli road need proper timing adjustment sanglitrafficsignal roadsafety,sangli_twitter,neutral,0.0,neutral,0.0,neutral,2025-11-26 14:42:25.604584
Water quality in Sangli Bus Stand Sangli has improved! Good work by authorities #SangliWaterQuality #GoodGovernance,water quality sangli bus stand improve good work authority sangliwaterquality goodgovernance,sangli_twitter,positive,0.7424,positive,0.7,positive,2025-11-26 14:42:25.604584
Request Sangli MC to install more dustbins in Sangli Court market area #SangliCleanliness #PublicFacilities,request sangli mc install dustbin court market area sanglicleanliness publicfacilities,sangli_twitter,neutral,0.0,positive,0.5,neutral,2025-11-26 14:42:25.604584
"Appreciate quick pothole repair work done in Sangli Hospital, Sangli! Responsive governance #SangliRoadRepair #ThankYou",appreciate quick pothole repair work sangli hospital responsive governance sangliroadrepair thankyou,sangli_twitter,positive,0.6696,positive,0.41666666666666663,positive,2025-11-26 14:42:25.604584
Sangli needs better parking facilities near Miraj-Sangli Road. Traffic congestion increasing #SangliParking #UrbanPlanning,sangli need well parking facility near miraj road traffic congestion increase sangliparking urbanplanning,sangli_twitter,positive,0.4404,positive,0.3,positive,2025-11-26 14:42:25.604584
Bharat Nagar in Sangli requires street vendor regulation for smooth traffic flow #SangliTraffic #StreetVendors,bharat nagar sangli require street vendor regulation smooth traffic flow sanglitraffic streetvendors,sangli_twitter,neutral,0.0,positive,0.4,neutral,2025-11-26 14:42:25.604584
Excellent work by Sangli fire brigade during recent emergency in Vishrambag! #SangliFireBrigade #EmergencyServices,excellent work sangli fire brigade recent emergency vishrambag sanglifirebrigade emergencyservices,sangli_twitter,negative,-0.1511,positive,0.5,negative,2025-11-26 14:42:25.604584
Sangli hospital services in Sangam Bridge need improvement. Healthcare is priority #SangliHealthcare #PublicHealth,sangli hospital service sangam bridge need improvement healthcare priority sanglihealthcare publichealth,sangli_twitter,positive,0.4588,neutral,0.0,positive,2025-11-26 14:42:25.604584
"Happy to see solar street lights installed in Collector Office, Sangli. Great initiative! #SangliSolar #GreenEnergy",happy solar street light instal collector office sangli great initiative sanglisolar greenenergy,sangli_twitter,positive,0.8439,positive,0.9,positive,2025-11-26 14:42:25.604584
Sangli woman held for Rs 2 lakh extortion bid - Times of India Sangli woman held for Rs 2 lakh extortion bid  Times of India Sangli woman held for Rs 2 lakh extortion bid  Times of India,sangli woman hold lakh extortion bid times india,local_news,neutral,0.0,neutral,0.0,neutral,2025-11-26 14:42:25.604584
Meeting held to review proposed airport at Kavalapur in Sangli dist - Times of India Meeting held to review proposed airport at Kavalapur in Sangli dist  Times of India Meeting held to review proposed airport at Kavalapur in Sangli dist  Times of India,meeting hold review propose airport kavalapur sangli dist times india,local_news,neutral,0.0,neutral,0.0,neutral,2025-11-26 14:42:25.604584
Sangli : शेरीनाल्याचे पाणी कृष्णेत मिसळल्याने आरोग्य धोक्यात - Pudhari News Sangli : शेरीनाल्याचे पाणी कृष्णेत मिसळल्याने आरोग्य धोक्यात  Pudhari News Sangli : शेरीनाल्याचे पाणी कृष्णेत मिसळल्याने आरोग्य धोक्यात  Pudhari News,sangli pudhari news,local_news,neutral,0.0,neutral,0.0,neutral,2025-11-26 14:42:25.604584
Sangli News: मिरजेत वर्चस्ववादातून अट्टल गुंडांनी तरुणाचा मुडदा पाडला सांगलीत नवऱ्यानं - ABP Majha Sangli News: मिरजेत वर्चस्ववादातून अट्टल गुंडांनी तरुणाचा मुडदा पाडला सांगलीत नवऱ्यानं  ABP Majha Sangli News: मिरजेत वर्चस्ववादातून अट्टल गुंडांनी तरुणाचा मुडदा पाडला सांगलीत नवऱ्यानं  ABP Majha,sangli news abp majha,local_news,neutral,0.0,neutral,0.0,neutral,2025-11-26 14:42:25.604584
Sangli News: ‘शहर काँग्रेसतर्फे कर्नाळ रस्ता डांबरीकरणासाठी ‘रास्ता रोको’; विविध संघटनांचा आंदोलनाला पाठिंबा.. - Esakal Sangli News: ‘शहर काँग्रेसतर्फे कर्नाळ रस्ता डांबरीकरणासाठी ‘रास्ता रोको’; विविध संघटनांचा आंदोलनाला पाठिंबा..  Esakal Sangli News: ‘शहर काँग्रेसतर्फे कर्नाळ रस्ता डांबरीकरणासाठी ‘रास्ता रोको’; विविध संघटनांचा आंदोलनाला पाठिंबा..  Esakal,sangli news शहर esakal,local_news,neutral,0.0,neutral,0.0,neutral,2025-11-26 14:42:25.604584
Sangli : महापालिका हद्दीसह लगतचे 36 रस्ते होणार विकसित - Pudhari News Sangli : महापालिका हद्दीसह लगतचे 36 रस्ते होणार विकसित  Pudhari News Sangli : महापालिका हद्दीसह लगतचे 36 रस्ते होणार विकसित  Pudhari News,sangli pudhari news,local_news,neutral,0.0,neutral,0.0,neutral,2025-11-26 14:42:25.604584
Sangli : खोदकामानंतरही गारपीर चौक रस्ता चिखलातच - MSN Sangli : खोदकामानंतरही गारपीर चौक रस्ता चिखलातच  MSN Sangli : खोदकामानंतरही गारपीर चौक रस्ता चिखलातच  MSN,sangli msn,local_news,neutral,0.0,neutral,0.0,neutral,2025-11-26 14:42:25.604584
"Sangli News: नदी प्रदूषणावरून 101 उद्योगांना नोटीस, अंतरिम आदेश - Pudhari News Sangli News: नदी प्रदूषणावरून 101 उद्योगांना नोटीस, अंतरिम आदेश  Pudhari News Sangli News: नदी प्रदूषणावरून 101 उद्योगांना नोटीस, अंतरिम आदेश  Pudhari News",sangli news pudhari,local_news,neutral,0.0,neutral,0.0,neutral,2025-11-26 14:42:25.604584
Sangli crime : सांगलीत व्यापार्‍याच्या घरातील जबरी चोरीचा डाव फसला - Pudhari News Sangli crime : सांगलीत व्यापार्‍याच्या घरातील जबरी चोरीचा डाव फसला  Pudhari News Sangli crime : सांगलीत व्यापार्‍याच्या घरातील जबरी चोरीचा डाव फसला  Pudhari News,sangli crime pudhari news,local_news,negative,-0.8885,neutral,0.0,negative,2025-11-26 14:42:25.604584
Sangli rain : जिल्ह्याला पावसाने झोडपले - Pudhari News Sangli rain : जिल्ह्याला पावसाने झोडपले  Pudhari News Sangli rain : जिल्ह्याला पावसाने झोडपले  Pudhari News,sangli rain pudhari news,local_news,neutral,0.0,neutral,0.0,neutral,2025-11-26 14:42:25.604584
Sangli fraud case: सांगलीतील दोघांना 7.79 लाखांचा गंडा - Pudhari News Sangli fraud case: सांगलीतील दोघांना 7.79 लाखांचा गंडा  Pudhari News Sangli fraud case: सांगलीतील दोघांना 7.79 लाखांचा गंडा  Pudhari News,sangli fraud case pudhari news,local_news,negative,-0.9081,neutral,0.0,negative,2025-11-26 14:42:25.604584
Sangli News: कोल्हापूर रस्त्याचे मार्किंग 35 मीटरने - Pudhari News Sangli News: कोल्हापूर रस्त्याचे मार्किंग 35 मीटरने  Pudhari News Sangli News: कोल्हापूर रस्त्याचे मार्किंग 35 मीटरने  Pudhari News,sangli news pudhari,local_news,neutral,0.0,neutral,0.0,neutral,2025-11-26 14:42:25.604584
Sangli : शहरातील 42 रस्त्यांची दुरुस्ती ठेकेदारांच्या पैशातून - Pudhari News Sangli : शहरातील 42 रस्त्यांची दुरुस्ती ठेकेदारांच्या पैशातून  Pudhari News Sangli : शहरातील 42 रस्त्यांची दुरुस्ती ठेकेदारांच्या पैशातून  Pudhari News,sangli pudhari news,local_news,neutral,0.0,neutral,0.0,neutral,2025-11-26 14:42:25.604584
Sangli News: महामार्गालगतची शेती नापीक होण्याची भीती - Pudhari News Sangli News: महामार्गालगतची शेती नापीक होण्याची भीती  Pudhari News Sangli News: महामार्गालगतची शेती नापीक होण्याची भीती  Pudhari News,sangli news pudhari,local_news,neutral,0.0,neutral,0.0,neutral,2025-11-26 14:42:25.604584
Sangli Rain: 291 गावांतील 96 हजार शेतकर्‍यांना फटका - Pudhari News Sangli Rain: 291 गावांतील 96 हजार शेतकर्‍यांना फटका  Pudhari News Sangli Rain: 291 गावांतील 96 हजार शेतकर्‍यांना फटका  Pudhari News,sangli rain pudhari news,local_news,neutral,0.0,neutral,0.0,neutral,2025-11-26 14:42:25.604584
"Sangli News: रेल्वे, बांधकाम, महापालिका; सार्‍यांचे हात वर - Pudhari News Sangli News: रेल्वे, बांधकाम, महापालिका; सार्‍यांचे हात वर  Pudhari News Sangli News: रेल्वे, बांधकाम, महापालिका; सार्‍यांचे हात वर  Pudhari News",sangli news वर pudhari,local_news,neutral,0.0,neutral,0.0,neutral,2025-11-26 14:42:25.604584
Sangli heavy rain : जतपूर्व भागात दिवसभर मुसळधार - Pudhari News Sangli heavy rain : जतपूर्व भागात दिवसभर मुसळधार  Pudhari News Sangli heavy rain : जतपूर्व भागात दिवसभर मुसळधार  Pudhari News,sangli heavy rain pudhari news,local_news,neutral,0.0,negative,-0.20000000000000004,neutral,2025-11-26 14:42:25.604584
"Sangli Crime: सांगलीसह तेलंगणा, कर्नाटकात घरफोड्या करणार्‍या टोळीचा छडा - Pudhari News Sangli Crime: सांगलीसह तेलंगणा, कर्नाटकात घरफोड्या करणार्‍या टोळीचा छडा  Pudhari News Sangli Crime: सांगलीसह तेलंगणा, कर्नाटकात घरफोड्या करणार्‍या टोळीचा छडा  Pudhari News",sangli crime pudhari news,local_news,negative,-0.8885,neutral,0.0,negative,2025-11-26 14:42:25.604584
Sangli News : आता सांगली - मिरजेतील वीज ग्राहकांना अधिक दर्जेदार वीज सुविधा मिळणार - tarunbharat.com Sangli News : आता सांगली - मिरजेतील वीज ग्राहकांना अधिक दर्जेदार वीज सुविधा मिळणार  tarunbharat.com Sangli News : आता सांगली - मिरजेतील वीज ग्राहकांना अधिक दर्जेदार वीज सुविधा मिळणार  tarunbharat.com,sangli news,local_news,neutral,0.0,neutral,0.0,neutral,2025-11-26 14:42:25.604584
Sangli Rainfall : सांगलीत जोर मंदावला - Agrowon Sangli Rainfall : सांगलीत जोर मंदावला  Agrowon Sangli Rainfall : सांगलीत जोर मंदावला  Agrowon,sangli rainfall agrowon,local_news,neutral,0.0,neutral,0.0,neutral,2025-11-26 14:42:25.604584
Sangli : तासगाव तालुक्यात पावसाचा हाहाकार - Pudhari News Sangli : तासगाव तालुक्यात पावसाचा हाहाकार  Pudhari News Sangli : तासगाव तालुक्यात पावसाचा हाहाकार  Pudhari News,sangli pudhari news,local_news,neutral,0.0,neutral,0.0,neutral,2025-11-26 14:42:25.604584
"Sangli Crime News : उच्चभ्रू वस्तीत चोरी करायला गेले अन् अंगभरून मार खाऊन आले, सांगलीत मध्यरात्री नेमकं काय घडलं? - Esakal Sangli Crime News : उच्चभ्रू वस्तीत चोरी करायला गेले अन् अंगभरून मार खाऊन आले, सांगलीत मध्यरात्री नेमकं काय घडलं?  Esakal Sangli Crime News : उच्चभ्रू वस्तीत चोरी करायला गेले अन् अंगभरून मार खाऊन आले, सांगलीत मध्यरात्री नेमकं काय घडलं?  Esakal",sangli crime news esakal,local_news,negative,-0.9009,neutral,0.0,negative,2025-11-26 14:42:25.604584
Sangli rain : वाळवा तालुक्यात पावसाचे थैमान - Pudhari News Sangli rain : वाळवा तालुक्यात पावसाचे थैमान  Pudhari News Sangli rain : वाळवा तालुक्यात पावसाचे थैमान  Pudhari News,sangli rain pudhari news,local_news,neutral,0.0,neutral,0.0,neutral,2025-11-26 14:42:25.604584
"Sangli : युवकाच्या मृत्यूप्रकरणी शाळेच्या संस्थापिका, ‘महावितरण’विरोधात गुन्हा - Pudhari News Sangli : युवकाच्या मृत्यूप्रकरणी शाळेच्या संस्थापिका, ‘महावितरण’विरोधात गुन्हा  Pudhari News Sangli : युवकाच्या मृत्यूप्रकरणी शाळेच्या संस्थापिका, ‘महावितरण’विरोधात गुन्हा  Pudhari News",sangli pudhari news,local_news,neutral,0.0,neutral,0.0,neutral,2025-11-26 14:42:25.604584
Sangli municipal corporation: पाणीपट्टी थकबाकीदारांना 2.10 कोटींचे ‘अभय’ - Pudhari News Sangli municipal corporation: पाणीपट्टी थकबाकीदारांना 2.10 कोटींचे ‘अभय’  Pudhari News Sangli municipal corporation: पाणीपट्टी थकबाकीदारांना 2.10 कोटींचे ‘अभय’  Pudhari News,sangli municipal corporation अभय pudhari news,local_news,neutral,0.0,neutral,0.0,neutral,2025-11-26 14:42:25.604584
Sangli rain : कवठेमहांकाळ तालुक्याला पावसाने झोडपले - Pudhari News Sangli rain : कवठेमहांकाळ तालुक्याला पावसाने झोडपले  Pudhari News Sangli rain : कवठेमहांकाळ तालुक्याला पावसाने झोडपले  Pudhari News,sangli rain pudhari news,local_news,neutral,0.0,neutral,0.0,neutral,2025-11-26 14:42:25.604584
Sangli Accident: दूध टँकर पलटी होऊन दोघे तरुण ठार - Pudhari News Sangli Accident: दूध टँकर पलटी होऊन दोघे तरुण ठार  Pudhari News Sangli Accident: दूध टँकर पलटी होऊन दोघे तरुण ठार  Pudhari News,sangli accident pudhari news,local_news,negative,-0.8519,neutral,0.0,negative,2025-11-26 14:42:25.604584
Sangli crime : अनैतिक संबंधाच्या संशयावरून पत्नीचा गळा चिरून निर्घृण खून - Pudhari News Sangli crime : अनैतिक संबंधाच्या संशयावरून पत्नीचा गळा चिरून निर्घृण खून  Pudhari News Sangli crime : अनैतिक संबंधाच्या संशयावरून पत्नीचा गळा चिरून निर्घृण खून  Pudhari News,sangli crime pudhari news,local_news,negative,-0.8885,neutral,0.0,negative,2025-11-26 14:42:25.604584
"Weather Alert Sangli : सावधान! कोयना, वारणेतून विसर्ग वाढला, सांगलीत आणखी पावसाची शक्यता - Esakal Weather Alert Sangli : सावधान! कोयना, वारणेतून विसर्ग वाढला, सांगलीत आणखी पावसाची शक्यता  Esakal Weather Alert Sangli : सावधान! कोयना, वारणेतून विसर्ग वाढला, सांगलीत आणखी पावसाची शक्यता  Esakal",weather alert sangli esakal,local_news,positive,0.7562,neutral,0.0,positive,2025-11-26 14:42:25.604584
Sangli News : तुळजाभवानी यात्रेसाठी सांगलीच्या 65 बसेस रवाना ! - tarunbharat.com Sangli News : तुळजाभवानी यात्रेसाठी सांगलीच्या 65 बसेस रवाना !  tarunbharat.com Sangli News : तुळजाभवानी यात्रेसाठी सांगलीच्या 65 बसेस रवाना !  tarunbharat.com,sangli news,local_news,neutral,0.0,neutral,0.0,neutral,2025-11-26 14:42:25.604584
Sangli : कृष्णा खोरे कार्यालयावर बुधवारी मोर्चा - Pudhari News Sangli : कृष्णा खोरे कार्यालयावर बुधवारी मोर्चा  Pudhari News Sangli : कृष्णा खोरे कार्यालयावर बुधवारी मोर्चा  Pudhari News,sangli pudhari news,local_news,neutral,0.0,neutral,0.0,neutral,2025-11-26 14:42:25.604584
"Sangli Crime: सांगलीसह तेलंगणा, कर्नाटकात घरफोड्या करणार्‍या टोळीचा छडा - MSN Sangli Crime: सांगलीसह तेलंगणा, कर्नाटकात घरफोड्या करणार्‍या टोळीचा छडा  MSN Sangli Crime: सांगलीसह तेलंगणा, कर्नाटकात घरफोड्या करणार्‍या टोळीचा छडा  MSN",sangli crime msn,local_news,negative,-0.8885,neutral,0.0,negative,2025-11-26 14:42:25.604584
"Sangli Rain : जत पूर्व भागामध्ये पावसाने पिकांची हानी; हजारो हेक्टरमधील डाळिंब, बाजरी, तूर, भुईमूग उद्ध्वस्त - Saam Tv Sangli Rain : जत पूर्व भागामध्ये पावसाने पिकांची हानी; हजारो हेक्टरमधील डाळिंब, बाजरी, तूर, भुईमूग उद्ध्वस्त  Saam Tv Sangli Rain : जत पूर्व भागामध्ये पावसाने पिकांची हानी; हजारो हेक्टरमधील डाळिंब, बाजरी, तूर, भुईमूग उद्ध्वस्त  Saam Tv",sangli rain जत saam tv,local_news,neutral,0.0,neutral,0.0,neutral,2025-11-26 14:42:25.604584
"Kolhapur, Sangli Rain Update: कोल्हापूर, सांगलीत पावसाचे धुमशान खरीप पिकांचे मोठे नुकसान, छाटणी - ABP Majha Kolhapur, Sangli Rain Update: कोल्हापूर, सांगलीत पावसाचे धुमशान खरीप पिकांचे मोठे नुकसान, छाटणी  ABP Majha Kolhapur, Sangli Rain Update: कोल्हापूर, सांगलीत पावसाचे धुमशान खरीप पिकांचे मोठे नुकसान, छाटणी  ABP Majha",kolhapur sangli rain update abp majha,local_news,neutral,0.0,neutral,0.0,neutral,2025-11-26 14:42:25.604584
"Sangli News: आरक्षित जागा, रस्ते, झोपडपट्टी क्षेत्र मोजणीसाठी एजन्सी - Pudhari News Sangli News: आरक्षित जागा, रस्ते, झोपडपट्टी क्षेत्र मोजणीसाठी एजन्सी  Pudhari News Sangli News: आरक्षित जागा, रस्ते, झोपडपट्टी क्षेत्र मोजणीसाठी एजन्सी  Pudhari News",sangli news pudhari,local_news,neutral,0.0,neutral,0.0,neutral,2025-11-26 14:42:25.604584
"Sangli News: रेल्वे, बांधकाम, महापालिका; सार्‍यांचे हात वर - MSN Sangli News: रेल्वे, बांधकाम, महापालिका; सार्‍यांचे हात वर  MSN Sangli News: रेल्वे, बांधकाम, महापालिका; सार्‍यांचे हात वर  MSN",sangli news वर msn,local_news,neutral,0.0,neutral,0.0,neutral,2025-11-26 14:42:25.604584
Sangli News: भूमापन पूर्ण; कोल्हापूर रस्ता होणार 35 मीटर रुंद - Pudhari News Sangli News: भूमापन पूर्ण; कोल्हापूर रस्ता होणार 35 मीटर रुंद  Pudhari News Sangli News: भूमापन पूर्ण; कोल्हापूर रस्ता होणार 35 मीटर रुंद  Pudhari News,sangli news pudhari,local_news,neutral,0.0,neutral,0.0,neutral,2025-11-26 14:42:25.604584
"MAHARASHTRA RAINS: Sangli, Miraj मध्ये रात्रीपासून मुसळधार, अनेक ठिकाणी पाणी साचल्याने दैना - ABP Majha MAHARASHTRA RAINS: Sangli, Miraj मध्ये रात्रीपासून मुसळधार, अनेक ठिकाणी पाणी साचल्याने दैना  ABP Majha MAHARASHTRA RAINS: Sangli, Miraj मध्ये रात्रीपासून मुसळधार, अनेक ठिकाणी पाणी साचल्याने दैना  ABP Majha",maharashtra rain sangli miraj abp majha,local_news,neutral,0.0,neutral,0.0,neutral,2025-11-26 14:42:25.604584
"Sangli Crime: 150 जणांवर गुन्हे; 35 नावे उघड, 13 जणांना अटक - Pudhari News Sangli Crime: 150 जणांवर गुन्हे; 35 नावे उघड, 13 जणांना अटक  Pudhari News Sangli Crime: 150 जणांवर गुन्हे; 35 नावे उघड, 13 जणांना अटक  Pudhari News",sangli crime उघड अटक pudhari news,local_news,negative,-0.8885,neutral,0.0,negative,2025-11-26 14:42:25.604584
Hyatt announces Hyatt Place Kolhapur Sangli at SL Highstreet - MediaBrief Hyatt announces Hyatt Place Kolhapur Sangli at SL Highstreet  MediaBrief Hyatt announces Hyatt Place Kolhapur Sangli at SL Highstreet  MediaBrief,hyatt announce place kolhapur sangli sl highstreet mediabrief,local_news,neutral,0.0,neutral,0.0,neutral,2025-11-26 14:42:25.604584
Meeting held to review proposed airport at Kavalapur in Sangli dist - The Times of India Meeting held to review proposed airport at Kavalapur in Sangli dist  The Times of India Meeting held to review proposed airport at Kavalapur in Sangli dist  The Times of India,meeting hold review propose airport kavalapur sangli dist times india,local_news,neutral,0.0,neutral,0.0,neutral,2025-11-26 14:42:25.604584
Sangli woman held for Rs 2 lakh extortion bid - The Times of India Sangli woman held for Rs 2 lakh extortion bid  The Times of India Sangli woman held for Rs 2 lakh extortion bid  The Times of India,sangli woman hold lakh extortion bid times india,local_news,neutral,0.0,neutral,0.0,neutral,2025-11-26 14:42:25.604584
Sangli News: भूमापन पूर्ण; कोल्हापूर रस्ता होणार 35 मीटर रुंद - MSN Sangli News: भूमापन पूर्ण; कोल्हापूर रस्ता होणार 35 मीटर रुंद  MSN Sangli News: भूमापन पूर्ण; कोल्हापूर रस्ता होणार 35 मीटर रुंद  MSN,sangli news msn,local_news,neutral,0.0,neutral,0.0,neutral,2025-11-26 14:42:25.604584
"Sangli: भू-संपादनाचा मोबदला मिळाला नाही, पुणदी-जुनेखेड नदी पुलाकडे जाणारा रस्ता शेतकऱ्यांनी केला बंद - Lokmat.com Sangli: भू-संपादनाचा मोबदला मिळाला नाही, पुणदी-जुनेखेड नदी पुलाकडे जाणारा रस्ता शेतकऱ्यांनी केला बंद  Lokmat.com Sangli: भू-संपादनाचा मोबदला मिळाला नाही, पुणदी-जुनेखेड नदी पुलाकडे जाणारा रस्ता शेतकऱ्यांनी केला बंद  Lokmat.com",sangli,local_news,neutral,0.0,neutral,0.0,neutral,2025-11-26 14:42:25.604584
